Configuration,Term,J,Prefix,Level (eV),Suffix,Uncertainty (eV),Splitting,Leading percentages,Reference
"=""3d3""","=""4F""","=""3/2""","=""""","=""0.00000""","=""""","=""0""","=""""","="" 100                                   ""","=""L7185"""
"=""3d3""","=""4F""","=""5/2""","=""""","=""0.02943""","=""""","=""""","=""0.02943""","="" 100                                   ""","="""""
"=""3d3""","=""4F""","=""7/2""","=""""","=""0.06898""","=""""","=""""","=""0.0396""","="" 100                                   ""","="""""
"=""3d3""","=""4F""","=""9/2""","=""""","=""0.11723""","=""""","=""""","=""0.0483""","="" 100                                   ""","="""""
"=""3d3""","=""4P""","=""1/2""","=""""","=""1.74321""","=""""","=""""","=""1.6260""","="" 100                                   ""","="""""
"=""3d3""","=""4P""","=""3/2""","=""""","=""1.75779""","=""""","=""""","=""0.0146""","=""  99                                   ""","="""""
"=""3d3""","=""4P""","=""5/2""","=""""","=""1.79432""","=""""","=""""","=""0.0365""","="" 100                                   ""","="""""
"=""3d3""","=""2G""","=""7/2""","=""""","=""1.86641""","=""""","=""""","=""0.0721""","="" 100                                   ""","="""""
"=""3d3""","=""2G""","=""9/2""","=""""","=""1.90965""","=""""","=""""","=""0.0432""","="" 100                                   ""","="""""
"=""3d3""","=""2P""","=""3/2""","=""""","=""2.41018""","=""""","=""""","=""0.5005""","=""  93                                   ""","="""""
"=""3d3""","=""2P""","=""1/2""","=""""","=""2.42027""","=""""","=""""","=""0.0101""","="" 100                                   ""","="""""
"=""3d3""","=""2D2""","=""3/2""","=""""","=""2.56040""","=""""","=""""","=""0.1401""","=""  72         :    22  3d3         2D1  ""","="""""
"=""3d3""","=""2D2""","=""5/2""","=""""","=""2.56220""","=""""","=""""","=""0.0018""","=""  78         :    22  3d3         2D1  ""","="""""
"=""3d3""","=""2H""","=""9/2""","=""""","=""2.61196""","=""""","=""""","=""0.0498""","="" 100                                   ""","="""""
"=""3d3""","=""2H""","=""11/2""","=""""","=""2.64348""","=""""","=""""","=""0.0315""","="" 100                                   ""","="""""
"=""3d3""","=""2F""","=""7/2""","=""""","=""4.26063""","=""""","=""""","=""1.6172""","="" 100                                   ""","="""""
"=""3d3""","=""2F""","=""5/2""","=""""","=""4.28451""","=""""","=""""","=""0.0239""","="" 100                                   ""","="""""
"=""3d3""","=""2D1""","=""5/2""","=""""","=""6.56824""","=""""","=""""","=""2.2837""","=""  78         :    22  3d3         2D2  ""","="""""
"=""3d3""","=""2D1""","=""3/2""","=""""","=""6.58899""","=""""","=""""","=""0.0207""","=""  77         :    23  3d3         2D2  ""","="""""
"=""3d2.(3F).4s""","=""4F""","=""3/2""","=""""","=""12.89392""","=""""","=""""","=""6.3049""","="" 100                                   ""","="""""
"=""3d2.(3F).4s""","=""4F""","=""5/2""","=""""","=""12.92642""","=""""","=""""","=""0.0325""","="" 100                                   ""","="""""
"=""3d2.(3F).4s""","=""4F""","=""7/2""","=""""","=""12.97249""","=""""","=""""","=""0.0461""","="" 100                                   ""","="""""
"=""3d2.(3F).4s""","=""4F""","=""9/2""","=""""","=""13.03145""","=""""","=""""","=""0.0590""","="" 100                                   ""","="""""
"=""3d2.(3F).4s""","=""2F""","=""5/2""","=""""","=""13.63101""","=""""","=""""","=""0.5996""","="" 100                                   ""","="""""
"=""3d2.(3F).4s""","=""2F""","=""7/2""","=""""","=""13.72403""","=""""","=""""","=""0.0930""","="" 100                                   ""","="""""
"=""3d2.(1D).4s""","=""2D""","=""5/2""","=""""","=""14.70099""","=""""","=""""","=""0.9770""","=""  65         :    35  3d2.(3P).4s 4P   ""","="""""
"=""3d2.(1D).4s""","=""2D""","=""3/2""","=""""","=""14.72037""","=""""","=""""","=""0.0194""","=""  58         :    42  3d2.(3P).4s 4P   ""","="""""
"=""3d2.(3P).4s""","=""4P""","=""1/2""","=""""","=""14.75593""","=""""","=""""","=""0.0356""","="" 100                                   ""","="""""
"=""3d2.(3P).4s""","=""4P""","=""3/2""","=""""","=""14.78536""","=""""","=""""","=""0.0294""","=""  58         :    42  3d2.(1D).4s 2D   ""","="""""
"=""3d2.(3P).4s""","=""4P""","=""5/2""","=""""","=""14.83735""","=""""","=""""","=""0.0520""","=""  65         :    35  3d2.(1D).4s 2D   ""","="""""
"=""3d2.(3P).4s""","=""2P""","=""1/2""","=""""","=""15.42494""","=""""","=""""","=""0.5876""","="" 100                                   ""","="""""
"=""3d2.(3P).4s""","=""2P""","=""3/2""","=""""","=""15.46509""","=""""","=""""","=""0.0402""","=""  99                                   ""","="""""
"=""3d2.(1G).4s""","=""2G""","=""9/2""","=""""","=""15.77026""","=""""","=""""","=""0.3052""","="" 100                                   ""","="""""
"=""3d2.(1G).4s""","=""2G""","=""7/2""","=""""","=""15.77182""","=""""","=""""","=""0.0016""","="" 100                                   ""","="""""
"=""3d2.(1S).4s""","=""2S""","=""1/2""","=""""","=""19.26149""","=""""","=""""","=""3.4897""","="" 100                                   ""","="""""
"=""3d2.(3F).4p""","=""4G*""","=""5/2""","=""""","=""19.51033""","=""""","=""""","=""0.2488""","=""  96                                   ""","="""""
"=""3d2.(3F).4p""","=""4G*""","=""7/2""","=""""","=""19.58123""","=""""","=""""","=""0.0709""","=""  97                                   ""","="""""
"=""3d2.(3F).4p""","=""4G*""","=""9/2""","=""""","=""19.66755""","=""""","=""""","=""0.0863""","=""  98                                   ""","="""""
"=""3d2.(3F).4p""","=""4G*""","=""11/2""","=""""","=""19.76918""","=""""","=""""","=""0.1016""","="" 100                                   ""","="""""
"=""3d2.(3F).4p""","=""4F*""","=""3/2""","=""""","=""19.65493""","=""""","=""""","=""-0.1142""","=""  97                                   ""","="""""
"=""3d2.(3F).4p""","=""4F*""","=""5/2""","=""""","=""19.70018""","=""""","=""""","=""0.0452""","=""  98                                   ""","="""""
"=""3d2.(3F).4p""","=""4F*""","=""7/2""","=""""","=""19.75713""","=""""","=""""","=""0.0570""","=""  98                                   ""","="""""
"=""3d2.(3F).4p""","=""4F*""","=""9/2""","=""""","=""19.82056""","=""""","=""""","=""0.0634""","=""  98                                   ""","="""""
"=""3d2.(3F).4p""","=""2F*""","=""5/2""","=""""","=""19.87534""","=""""","=""""","=""0.0548""","=""  78         :     5  3d2.(1D).4p 2F*  ""","="""""
"=""3d2.(3F).4p""","=""2F*""","=""7/2""","=""""","=""19.95369""","=""""","=""""","=""0.0784""","=""  79         :    14  3d2.(3F).4p 4D*  ""","="""""
"=""3d2.(3F).4p""","=""2D*""","=""3/2""","=""""","=""19.95978""","=""""","=""""","=""0.0061""","=""  45         :    42  3d2.(3F).4p 4D*  ""","="""""
"=""3d2.(3F).4p""","=""2D*""","=""5/2""","=""""","=""20.12281""","=""""","=""""","=""0.1630""","=""  60         :    22  3d2.(3F).4p 4D*  ""","="""""
"=""3d2.(3F).4p""","=""4D*""","=""1/2""","=""""","=""20.00545""","=""""","=""""","=""-0.1174""","=""  94         :     6  3d2.(3P).4p 4P*  ""","="""""
"=""3d2.(3F).4p""","=""4D*""","=""5/2""","=""""","=""20.02287""","=""""","=""""","=""0.0174""","=""  67         :    15  3d2.(3F).4p 2D*  ""","="""""
"=""3d2.(3F).4p""","=""4D*""","=""3/2""","=""""","=""20.05523""","=""""","=""""","=""0.0324""","=""  52         :    36  3d2.(3F).4p 2D*  ""","="""""
"=""3d2.(3F).4p""","=""4D*""","=""7/2""","=""""","=""20.09349""","=""""","=""""","=""0.0383""","=""  81         :    13  3d2.(3F).4p 2F*  ""","="""""
"=""3d2.(3F).4p""","=""2G*""","=""7/2""","=""""","=""20.44620""","=""""","=""""","=""0.3527""","=""  95                                   ""","="""""
"=""3d2.(3F).4p""","=""2G*""","=""9/2""","=""""","=""20.51071""","=""""","=""""","=""0.0645""","=""  95                                   ""","="""""
"=""3d2.(3P).4p""","=""2S*""","=""1/2""","=""""","=""20.81651""","=""""","=""""","=""0.3058""","=""  99                                   ""","="""""
"=""3d2.(3P).4p""","=""4S*""","=""3/2""","=""""","=""21.21138""","=""""","=""""","=""0.3949""","=""  91         :     9  3d2.(1D).4p 2P*  ""","="""""
"=""3d2.(1D).4p""","=""2P*""","=""3/2""","=""""","=""21.34810""","=""""","=""""","=""0.1367""","=""  84         :     9  3d2.(3P).4p 4S*  ""","="""""
"=""3d2.(1D).4p""","=""2P*""","=""1/2""","=""""","=""21.42735""","=""""","=""""","=""0.0793""","=""  96                                   ""","="""""
"=""3d2.(1D).4p""","=""2F*""","=""5/2""","=""""","=""21.40419""","=""""","=""""","=""-0.0232""","=""  87         :     7  3d2.(3F).4p 2F*  ""","="""""
"=""3d2.(1D).4p""","=""2F*""","=""7/2""","=""""","=""21.49464""","=""""","=""""","=""0.0905""","=""  84         :     7  3d2.(3P).4p 4D*  ""","="""""
"=""3d2.(3P).4p""","=""4D*""","=""1/2""","=""""","=""21.50282""","=""""","=""""","=""0.0082""","=""  93         :     5  3d2.(3F).4p 4D*  ""","="""""
"=""3d2.(3P).4p""","=""4D*""","=""3/2""","=""""","=""21.53098""","=""""","=""""","=""0.0282""","=""  92         :     5  3d2.(3F).4p 4D*  ""","="""""
"=""3d2.(3P).4p""","=""4D*""","=""5/2""","=""""","=""21.58518""","=""""","=""""","=""0.0542""","=""  89                                   ""","="""""
"=""3d2.(3P).4p""","=""4D*""","=""7/2""","=""""","=""21.67817""","=""""","=""""","=""0.0930""","=""  88         :     7  3d2.(1D).4p 2F*  ""","="""""
"=""3d2.(1D).4p""","=""2D*""","=""3/2""","=""""","=""21.64016""","=""""","=""""","=""-0.0380""","=""  83         :     6  3d2.(3F).4p 2D*  ""","="""""
"=""3d2.(1D).4p""","=""2D*""","=""5/2""","=""""","=""21.69334""","=""""","=""""","=""0.0532""","=""  82         :     6  3d2.(3F).4p 2D*  ""","="""""
"=""3d2.(3P).4p""","=""4P*""","=""1/2""","=""""","=""21.90688""","=""""","=""""","=""0.2135""","=""  99                                   ""","="""""
"=""3d2.(3P).4p""","=""4P*""","=""3/2""","=""""","=""21.93488""","=""""","=""""","=""0.0280""","=""  99                                   ""","="""""
"=""3d2.(3P).4p""","=""4P*""","=""5/2""","=""""","=""21.99560""","=""""","=""""","=""0.0607""","=""  95                                   ""","="""""
"=""3d2.(1G).4p""","=""2G*""","=""7/2""","=""""","=""22.05883""","=""""","=""""","=""0.0632""","=""  95                                   ""","="""""
"=""3d2.(1G).4p""","=""2G*""","=""9/2""","=""""","=""22.07291""","=""""","=""""","=""0.0141""","=""  95                                   ""","="""""
"=""3d2.(3P).4p""","=""2D*""","=""5/2""","=""""","=""22.47128""","=""""","=""""","=""0.3984""","=""  81         :    12  3d2.(3F).4p 2D*  ""","="""""
"=""3d2.(3P).4p""","=""2D*""","=""3/2""","=""""","=""22.47560""","=""""","=""""","=""0.0043""","=""  79         :    10  3d2.(3F).4p 2D*  ""","="""""
"=""3d2.(1G).4p""","=""2H*""","=""9/2""","=""""","=""22.64933""","=""""","=""""","=""0.1737""","=""  99                                   ""","="""""
"=""3d2.(1G).4p""","=""2H*""","=""11/2""","=""""","=""22.74418""","=""""","=""""","=""0.0949""","="" 100                                   ""","="""""
"=""3d2.(3P).4p""","=""2P*""","=""1/2""","=""""","=""22.77841""","=""""","=""""","=""0.0342""","=""  99                                   ""","="""""
"=""3d2.(3P).4p""","=""2P*""","=""3/2""","=""""","=""22.79767""","=""""","=""""","=""0.0193""","=""  97                                   ""","="""""
"=""3d2.(1G).4p""","=""2F*""","=""7/2""","=""""","=""23.18266""","=""""","=""""","=""0.3850""","=""  96                                   ""","="""""
"=""3d2.(1G).4p""","=""2F*""","=""5/2""","=""""","=""23.24939""","=""""","=""""","=""0.0667""","=""  97                                   ""","="""""
"=""3d2.(1S).4p""","=""2P*""","=""1/2""","=""""","=""26.10601""","=""""","=""""","=""2.8566""","=""  98                                   ""","="""""
"=""3d2.(1S).4p""","=""2P*""","=""3/2""","=""""","=""26.23207""","=""""","=""""","=""0.1261""","=""  98                                   ""","="""""
"=""3d2.(3F).4d""","=""4G""","=""5/2""","=""""","=""28.83452""","=""""","=""""","=""2.6025""","=""  88         :    12  3d2.(3F).4d 2F   ""","="""""
"=""3d2.(3F).4d""","=""4G""","=""7/2""","=""""","=""28.87550""","=""""","=""""","=""0.0410""","=""  87         :    11  3d2.(3F).4d 4H   ""","="""""
"=""3d2.(3F).4d""","=""4G""","=""9/2""","=""""","=""28.91767""","=""""","=""""","=""0.0422""","=""  82         :    18  3d2.(3F).4d 4H   ""","="""""
"=""3d2.(3F).4d""","=""4G""","=""11/2""","=""""","=""28.96854""","=""""","=""""","=""0.0509""","=""  80         :    19  3d2.(3F).4d 4H   ""","="""""
"=""3d2.(3F).4d""","=""2F""","=""5/2""","=""""","=""28.90286""","=""""","=""""","=""-0.0657""","=""  82         :    12  3d2.(3F).4d 4G   ""","="""""
"=""3d2.(3F).4d""","=""2F""","=""7/2""","=""""","=""28.96737""","=""""","=""""","=""0.0645""","=""  89                                   ""","="""""
"=""3d2.(3F).4d""","=""4H""","=""7/2""","=""""","=""28.93280""","=""""","=""""","=""-0.0346""","=""  89         :    11  3d2.(3F).4d 4G   ""","="""""
"=""3d2.(3F).4d""","=""4H""","=""9/2""","=""""","=""28.97616""","=""""","=""""","=""0.0434""","=""  82         :    18  3d2.(3F).4d 4G   ""","="""""
"=""3d2.(3F).4d""","=""4H""","=""11/2""","=""""","=""29.02471""","=""""","=""""","=""0.0485""","=""  80         :    20  3d2.(3F).4d 4G   ""","="""""
"=""3d2.(3F).4d""","=""4H""","=""13/2""","=""""","=""29.07441""","=""""","=""""","=""0.0497""","="" 100                                   ""","="""""
"=""3d2.(3F).4d""","=""4D""","=""1/2""","=""""","=""28.96499""","=""""","=""""","=""-0.1094""","=""  97                                   ""","="""""
"=""3d2.(3F).4d""","=""4D""","=""3/2""","=""""","=""28.98737""","=""""","=""""","=""0.0224""","=""  98                                   ""","="""""
"=""3d2.(3F).4d""","=""4D""","=""5/2""","=""""","=""29.02287""","=""""","=""""","=""0.0355""","=""  98                                   ""","="""""
"=""3d2.(3F).4d""","=""4D""","=""7/2""","=""""","=""29.07455""","=""""","=""""","=""0.0517""","=""  95                                   ""","="""""
"=""3d2.(3F).4d""","=""2P""","=""1/2""","=""""","=""29.22841""","=""""","=""""","=""0.1539""","=""  88         :     7  3d2.(1D).4d 2P   ""","="""""
"=""3d2.(3F).4d""","=""2P""","=""3/2""","=""""","=""29.32120""","=""""","=""""","=""0.0928""","=""  89         :     6  3d2.(1D).4d 2P   ""","="""""
"=""3d2.(3F).4d""","=""4P""","=""1/2""","=""""","=""29.48322""","=""""","=""""","=""0.1620""","=""  86         :    13  3d2.(3P).4d 4P   ""","="""""
"=""3d2.(3F).4d""","=""4P""","=""3/2""","=""""","=""29.52069""","=""""","=""""","=""0.0375""","=""  85         :    13  3d2.(3P).4d 4P   ""","="""""
"=""3d2.(3F).4d""","=""4P""","=""5/2""","=""""","=""29.56367""","=""""","=""""","=""0.0430""","=""  84         :    14  3d2.(3P).4d 4P   ""","="""""
"=""3d2.(3F).4d""","=""2G""","=""7/2""","=""""","=""29.50818""","=""""","=""""","=""-0.0555""","=""  84         :    12  3d2.(1D).4d 2G   ""","="""""
"=""3d2.(3F).4d""","=""2G""","=""9/2""","=""""","=""29.57783""","=""""","=""""","=""0.0696""","=""  84         :    12  3d2.(1D).4d 2G   ""","="""""
"=""3d2.(3F).4d""","=""2D""","=""3/2""","=""""","=""29.69935""","=""""","=""""","=""0.1215""","=""  78         :    18  3d2.(1D).4d 2D   ""","="""""
"=""3d2.(3F).4d""","=""2D""","=""5/2""","=""""","=""29.69935""","=""""","=""""","=""0.0000""","=""  75         :    19  3d2.(1D).4d 2D   ""","="""""
"=""3d2.(3F).4d""","=""2H""","=""9/2""","=""""","=""29.70448""","=""""","=""""","=""0.0051""","=""  91         :     9  3d2.(1G).4d 2H   ""","="""""
"=""3d2.(3F).4d""","=""2H""","=""11/2""","=""""","=""29.78953""","=""""","=""""","=""0.0850""","=""  90         :     9  3d2.(1G).4d 2H   ""","="""""
"=""3d2.(3F).4d""","=""4F""","=""3/2""","=""""","=""29.87621""","=""""","=""""","=""0.0867""","=""  95                                   ""","="""""
"=""3d2.(3F).4d""","=""4F""","=""5/2""","=""""","=""29.90282""","=""""","=""""","=""0.0266""","=""  95                                   ""","="""""
"=""3d2.(3F).4d""","=""4F""","=""7/2""","=""""","=""29.93881""","=""""","=""""","=""0.0360""","=""  95                                   ""","="""""
"=""3d2.(3F).4d""","=""4F""","=""9/2""","=""""","=""29.98341""","=""""","=""""","=""0.0446""","=""  95                                   ""","="""""
"=""3d2.(3P).4d""","=""2P""","=""3/2""","=""""","=""30.63638""","=""""","=""""","=""0.6530""","=""  60         :    40  3d2.(1D).4d 2P   ""","="""""
"=""3d2.(3P).4d""","=""2P""","=""1/2""","=""""","=""30.71894""","=""""","=""""","=""0.0826""","=""  59         :    38  3d2.(1D).4d 2P   ""","="""""
"=""3d2.(1D).4d""","=""2F""","=""5/2""","=""""","=""30.65377""","=""""","=""""","=""-0.0652""","=""  84         :    15  3d2.(3P).4d 2F   ""","="""""
"=""3d2.(1D).4d""","=""2F""","=""7/2""","=""""","=""30.69188""","=""""","=""""","=""0.0381""","=""  86         :    11  3d2.(3P).4d 2F   ""","="""""
"=""3d2.(1D).4d""","=""2G""","=""9/2""","=""""","=""30.98768""","=""""","=""""","=""0.2958""","=""  75         :     8  3d2.(1G).4d 2G   ""","="""""
"=""3d2.(1D).4d""","=""2G""","=""7/2""","=""""","=""30.99700""","=""""","=""""","=""0.0093""","=""  79         :     8  3d2.(1G).4d 2G   ""","="""""
"=""3d2.(3P).4d""","=""4F""","=""5/2""","=""""","=""31.06241""","=""""","=""""","=""0.0654""","=""  91                                   ""","="""""
"=""3d2.(3P).4d""","=""4F""","=""7/2""","=""""","=""31.08937""","=""""","=""""","=""0.0270""","=""  86         :     6  3d2.(3P).4d 4D   ""","="""""
"=""3d2.(3P).4d""","=""4F""","=""9/2""","=""""","=""31.13158""","=""""","=""""","=""0.0422""","=""  86         :     8  3d2.(1G).4d 2G   ""","="""""
"=""3d2.(3P).4d""","=""4D""","=""3/2""","=""""","=""31.12218""","=""""","=""""","=""-0.0094""","=""  97                                   ""","="""""
"=""3d2.(3P).4d""","=""4D""","=""1/2""","=""""","=""31.13189""","=""""","=""""","=""0.0097""","=""  99                                   ""","="""""
"=""3d2.(3P).4d""","=""4D""","=""5/2""","=""""","=""31.13712""","=""""","=""""","=""0.0052""","=""  94                                   ""","="""""
"=""3d2.(3P).4d""","=""4D""","=""7/2""","=""""","=""31.16252""","=""""","=""""","=""0.0254""","=""  93         :     5  3d2.(3P).4d 4F   ""","="""""
"=""3d2.(3F).5s""","=""4F""","=""3/2""","=""""","=""31.18995""","=""""","=""""","=""0.0274""","="" 100                                   ""","="""""
"=""3d2.(3F).5s""","=""4F""","=""5/2""","=""""","=""31.22009""","=""""","=""""","=""0.0301""","=""  97                                   ""","="""""
"=""3d2.(3F).5s""","=""4F""","=""7/2""","=""""","=""31.26736""","=""""","=""""","=""0.0473""","=""  98                                   ""","="""""
"=""3d2.(3F).5s""","=""4F""","=""9/2""","=""""","=""31.33013""","=""""","=""""","=""0.0628""","="" 100                                   ""","="""""
"=""3d2.(3P).4d""","=""2F""","=""5/2""","=""""","=""31.30165""","=""""","=""""","=""-0.0285""","=""  54         :    37  3d2.(1G).4d 2F   ""","="""""
"=""3d2.(3P).4d""","=""2F""","=""7/2""","=""""","=""31.31008""","=""""","=""""","=""0.0084""","=""  56         :    36  3d2.(1G).4d 2F   ""","="""""
"=""3d2.(3F).5s""","=""2F""","=""5/2""","=""""","=""31.42703""","=""""","=""""","=""0.1169""","=""  97                                   ""","="""""
"=""3d2.(3F).5s""","=""2F""","=""7/2""","=""""","=""31.51828""","=""""","=""""","=""0.0913""","=""  98                                   ""","="""""
"=""3d2.(3P).4d""","=""4P""","=""5/2""","=""""","=""31.55827""","=""""","=""""","=""0.0400""","=""  81         :    13  3d2.(3F).4d 4P   ""","="""""
"=""3d2.(3P).4d""","=""2D""","=""3/2""","=""""","=""31.69809""","=""""","=""""","=""0.1398""","=""  35         :    27  3d2.(1D).4d 2D   ""","="""""
"=""3d2.(3P).4d""","=""2D""","=""5/2""","=""""","=""31.71973""","=""""","=""""","=""0.0216""","=""  38         :    35  3d2.(1D).4d 2D   ""","="""""
"=""3d2.(1D).4d""","=""2P""","=""1/2""","=""""","=""31.71560""","=""""","=""""","=""-0.0041""","=""  51         :    34  3d2.(3P).4d 2P   ""","="""""
"=""3d2.(1D).4d""","=""2P""","=""3/2""","=""""","=""31.77792""","=""""","=""""","=""0.0623""","=""  43         :    31  3d2.(3P).4d 2D   ""","="""""
"=""3d2.(1G).4d""","=""2I""","=""11/2""","=""""","=""31.84574""","=""""","=""""","=""0.0678""","="" 100                                   ""","="""""
"=""3d2.(1G).4d""","=""2I""","=""13/2""","=""""","=""31.84973""","=""""","=""""","=""0.0040""","="" 100                                   ""","="""""
"=""3d2.(1G).4d""","=""2G""","=""7/2""","=""""","=""31.93692""","=""""","=""""","=""0.0872""","=""  88         :     7  3d2.(3F).4d 2G   ""","="""""
"=""3d2.(1G).4d""","=""2G""","=""9/2""","=""""","=""31.95251""","=""""","=""""","=""0.0156""","=""  87         :     7  3d2.(3F).4d 2G   ""","="""""
"=""3d2.(1G).4d""","=""2H""","=""9/2""","=""""","=""32.20557""","=""""","=""""","=""0.2531""","=""  91         :     9  3d2.(3F).4d 2H   ""","="""""
"=""3d2.(1G).4d""","=""2H""","=""11/2""","=""""","=""32.21105""","=""""","=""""","=""0.0055""","=""  91         :     9  3d2.(3F).4d 2H   ""","="""""
"=""3d2.(1G).4d""","=""2F""","=""7/2""","=""""","=""32.71644""","=""""","=""""","=""0.5054""","=""  62         :    27  3d2.(3P).4d 2F   ""","="""""
"=""3d2.(1G).4d""","=""2F""","=""5/2""","=""""","=""32.72823""","=""""","=""""","=""0.0118""","=""  61         :    27  3d2.(3P).4d 2F   ""","="""""
"=""3d2.(1D).5s""","=""2D""","=""5/2""","=""""","=""32.85973""","=""""","=""""","=""0.1315""","=""  96                                   ""","="""""
"=""3d2.(1D).5s""","=""2D""","=""3/2""","=""""","=""32.86184""","=""""","=""""","=""0.0021""","=""  98                                   ""","="""""
"=""3d2.(1G).4d""","=""2D""","=""3/2""","=""""","=""33.08865""","=""""","=""""","=""0.2268""","=""  64         :    32  3d2.(3P).4d 2D   ""","="""""
"=""3d2.(1G).4d""","=""2D""","=""5/2""","=""""","=""33.09531""","=""""","=""""","=""0.0067""","=""  64         :    33  3d2.(3P).4d 2D   ""","="""""
"=""3d2.(3P).5s""","=""4P""","=""1/2""","=""""","=""33.09716""","=""""","=""""","=""0.0019""","="" 100                                   ""","="""""
"=""3d2.(3P).5s""","=""4P""","=""3/2""","=""""","=""33.11995""","=""""","=""""","=""0.0228""","=""  99                                   ""","="""""
"=""3d2.(3P).5s""","=""4P""","=""5/2""","=""""","=""33.16193""","=""""","=""""","=""0.0420""","=""  96                                   ""","="""""
"=""3d2.(3P).5s""","=""2P""","=""1/2""","=""""","=""33.28456""","=""""","=""""","=""0.1226""","="" 100                                   ""","="""""
"=""3d2.(3P).5s""","=""2P""","=""3/2""","=""""","=""33.32861""","=""""","=""""","=""0.0440""","=""  98                                   ""","="""""
"=""3d2.(1G).5s""","=""2G""","=""9/2""","=""""","=""33.95497""","=""""","=""""","=""0.6264""","="" 100                                   ""","="""""
"=""3d2.(1G).5s""","=""2G""","=""7/2""","=""""","=""33.95513""","=""""","=""""","=""0.0002""","="" 100                                   ""","="""""
"=""Cr V (3d2 3F<2>)""","=""Limit""","=""---""","=""[""","=""49.16""","=""]""","=""0.05""","=""""","=""                                       ""","=""L7185,L5498"""
