Configuration,Term,J,Prefix,Level (eV),Suffix,Uncertainty (eV),Splitting,Lande,Leading percentages,Reference
"=""4f11.6s2""","=""4I*""","=""15/2""","=""""","=""0.000000""","=""""","=""0""","=""""","=""1.19514""","=""  97             :     3                   2K*                  ""","=""L3974"""
"=""4f11.6s2""","=""4I*""","=""13/2""","=""""","=""0.671957""","=""""","=""""","=""0.671957""","=""""","=""  99             :     1                   2K*                  ""","=""L3974"""
"=""4f11.6s2""","=""4I*""","=""11/2""","=""""","=""1.066904""","=""""","=""""","=""0.39495""","=""1.012""","=""  86             :    12                   2H2*                 ""","=""L3974"""
"=""4f11.6s2""","=""4I*""","=""9/2""","=""""","=""1.326104""","=""""","=""""","=""0.25920""","=""0.866""","=""  61             :    16                   2H2*                 ""","=""L3974"""
"=""4f10.(5I<8>).5d<3/2>.6s2""","=""(8,3/2)""","=""17/2""","=""""","=""1.038852""","=""""","=""""","=""-0.28725""","=""""","=""             or  :    73                   (5I) 6I              ""","=""L3974"""
"=""4f10.(5I<8>).5d<3/2>.6s2""","=""(8,3/2)""","=""15/2""","=""""","=""1.044828""","=""""","=""""","=""0.00598""","=""""","=""             or  :    53                   (5I) 6H              ""","=""L3974"""
"=""4f10.(5I<8>).5d<3/2>.6s2""","=""(8,3/2)""","=""13/2""","=""""","=""1.134093""","=""""","=""""","=""0.08926""","=""""","=""             or  :    67                   (5I) 6G              ""","=""L3974"""
"=""4f10.(5I<8>).5d<3/2>.6s2""","=""(8,3/2)""","=""19/2""","=""""","=""1.207792""","=""""","=""""","=""0.07370""","=""""","=""             or  :    66                   (5I) 6K              ""","=""L3974"""
"=""4f10.(5I<8>).5d<5/2>.6s2""","=""(8,5/2)""","=""21/2""","=""""","=""1.403788""","=""""","=""""","=""0.19600""","=""""","=""             or  :    93                   (5I) 6L              ""","=""L3974"""
"=""4f10.(5I<8>).5d<5/2>.6s2""","=""(8,5/2)""","=""17/2""","=""""","=""1.429607""","=""""","=""""","=""0.02582""","=""""","=""             or  :    52                   (5I) 4K              ""","=""L3974"""
"=""4f10.(5I<8>).5d<5/2>.6s2""","=""(8,5/2)""","=""19/2""","=""""","=""1.449347""","=""""","=""""","=""0.01974""","=""""","=""             or  :    56                   (5I) 4L              ""","=""L3974"""
"=""4f10.(5I<8>).5d<5/2>.6s2""","=""(8,5/2)""","=""15/2""","=""""","=""1.529846""","=""""","=""""","=""0.08050""","=""""","=""             or  :    35                   (5I) 6H              ""","=""L3974"""
"=""4f10.(5I<8>).5d<5/2>.6s2""","=""(8,5/2)""","=""11/2""","=""""","=""2.099974""","=""""","=""""","=""0.57013""","=""""","=""             or  :    49                   (5I) 4G              ""","=""L3974"""
"=""4f10.(5I<7>).5d<3/2>.6s2""","=""(7,3/2)""","=""13/2""","=""""","=""1.530529""","=""""","=""""","=""-0.56944""","=""""","=""             or  :    27                   (5I) 6I              ""","=""L3974"""
"=""4f10.(5I<7>).5d<3/2>.6s2""","=""(7,3/2)""","=""11/2""","=""""","=""1.622077""","=""""","=""""","=""0.09155""","=""""","=""             or  :    51                   (5I) 6G              ""","=""L3974"""
"=""4f10.(5I<7>).5d<3/2>.6s2""","=""(7,3/2)""","=""17/2""","=""""","=""1.875919""","=""""","=""""","=""0.25384""","=""""","=""             or  :    33                   (5I) 6L              ""","=""L3974"""
"=""4f10.(5I<7>).5d<3/2>.6s2""","=""(7,3/2)""","=""15/2""","=""""","=""1.876632""","=""""","=""""","=""0.00071""","=""""","=""             or  :    53                   (5I) 4I              ""","=""L3974"""
"=""4f11.6s2""","=""4F*""","=""9/2""","=""""","=""1.623501""","=""""","=""""","=""-0.25313""","=""""","=""                                                                ""","=""L11686"""
"=""4f10.(5I).5d.6s2""","=""""","=""13/2""","=""""","=""1.869821""","=""""","=""""","=""0.24632""","=""""","=""                 :    46                   (5I) 4H              ""","=""L3974"""
"=""4f10.(5I).5d.6s2""","=""""","=""11/2""","=""""","=""1.957975""","=""""","=""""","=""0.08815""","=""""","=""                 :    36                   (5I) 6I              ""","=""L3974"""
"=""4f11.(4I*<15/2>).6s.6p.(3P*<0>)""","=""(15/2,0)""","=""15/2""","=""""","=""1.965804""","=""""","=""""","=""0.00783""","=""""","=""             or  :    38                   (4I*)(3P*) 6H        ""","=""L3974"""
"=""4f10.5d.6s2""","=""""","=""15/2""","=""""","=""2.002867""","=""""","=""""","=""0.03706""","=""""","=""  62             :    38  4f11.6s.6p                            ""","=""L3974"""
"=""4f10.(5I<7>).5d<5/2>.6s2""","=""(7,5/2)""","=""17/2""","=""""","=""2.038053""","=""""","=""""","=""0.03519""","=""""","=""             or  :    38                   (5I) 6K              ""","=""L3974"""
"=""4f10.(5I<7>).5d<5/2>.6s2""","=""(7,5/2)""","=""19/2""","=""""","=""2.068493""","=""""","=""""","=""0.03044""","=""""","=""             or  :    69                   (5I) 6L              ""","=""L3974"""
"=""4f11.(4I*<15/2>).6s.6p.(3P*<1>)""","=""(15/2,1)""","=""17/2""","=""""","=""2.071754""","=""""","=""""","=""0.00326""","=""""","=""             or  :    42                   (4I*)(3P*) 6I        ""","=""L3974"""
"=""4f11.(4I*<15/2>).6s.6p.(3P*<1>)""","=""(15/2,1)""","=""15/2""","=""""","=""2.093136""","=""""","=""""","=""0.02138""","=""""","=""             or  :    33                   (4I*)(3P*) 2K        ""","=""L3974"""
"=""4f11.(4I*<15/2>).6s.6p.(3P*<1>)""","=""(15/2,1)""","=""13/2""","=""""","=""2.115090""","=""""","=""""","=""0.02195""","=""""","=""                 :    30  4f10.5d.6s2                           ""","=""L3974"""
"=""4f10.(5I<6>).5d<3/2>.6s2""","=""(6,3/2)""","=""9/2""","=""""","=""2.072969""","=""""","=""""","=""-0.04212""","=""""","=""             or  :    41                   (5I) 6G              ""","=""L3974"""
"=""4f10.(5I<6>).5d<3/2>.6s2""","=""(6,3/2)""","=""13/2""","=""""","=""2.301754""","=""""","=""""","=""0.22878""","=""""","=""             or  :    44                   (5I) 6K              ""","=""L3974"""
"=""4f10.(5I<6>).5d<3/2>.6s2""","=""(6,3/2)""","=""15/2""","=""""","=""2.325475""","=""""","=""""","=""0.02372""","=""1.03""","=""             or  :    55                   (5I) 6L              ""","=""L3974"""
"=""4f10.5d.6s2""","=""""","=""13/2""","=""""","=""2.074993""","=""""","=""""","=""-0.25048""","=""""","=""  70             :    30  4f11.6s.6p                            ""","=""L3974"""
"=""4f11.(4I*<15/2>).6s.6p.(3P*<2>)""","=""(15/2,2)""","=""19/2""","=""""","=""2.217280""","=""""","=""""","=""0.14229""","=""""","=""             or  :    97                   (4I*)(3P*) 6K        ""","=""L3974"""
"=""4f11.(4I*<15/2>).6s.6p.(3P*<2>)""","=""(15/2,2)""","=""17/2""","=""""","=""2.273597""","=""""","=""""","=""0.05632""","=""""","=""             or  :    50                   (4I*)(3P*) 6I        ""","=""L3974"""
"=""4f11.(4I*<15/2>).6s.6p.(3P*<2>)""","=""(15/2,2)""","=""15/2""","=""""","=""2.312495""","=""""","=""""","=""0.03890""","=""""","=""                                                                ""","=""L3974"""
"=""4f11.(4I*<15/2>).6s.6p.(3P*<2>)""","=""(15/2,2)""","=""11/2""","=""""","=""2.333538""","=""""","=""""","=""0.02104""","=""""","=""             or  :    41                   (4I*)(3P*) 2H        ""","=""L3974"""
"=""4f11.(4I*<15/2>).6s.6p.(3P*<2>)""","=""(15/2,2)""","=""13/2""","=""""","=""2.338118""","=""""","=""""","=""0.00458""","=""""","=""             or  :    37                   (4I*)(3P*) 2I        ""","=""L3974"""
"=""4f10.5d.6s2""","=""""","=""11/2""","=""""","=""2.292618""","=""""","=""""","=""-0.04550""","=""""","=""  85             :    15  4f11.6s.6p                            ""","=""L3974"""
"=""4f10.(5I<8>).6s2.6p<1/2>""","=""(8,1/2)*""","=""15/2""","=""""","=""2.302669""","=""""","=""""","=""0.01005""","=""""","=""             or  :    57                   (5I) 6H*             ""","=""L3974"""
"=""4f10.(5I<8>).6s2.6p<1/2>""","=""(8,1/2)*""","=""17/2""","=""""","=""2.323190""","=""""","=""""","=""0.02052""","=""""","=""             or  :    42                   (5I) 6I*             ""","=""L3974"""
"=""4f10.(5I).5d.6s2""","=""""","=""9/2""","=""""","=""2.325679""","=""""","=""""","=""0.00249""","=""""","=""                 :    47                   (5I) 6I              ""","=""L3974"""
"=""4f11.(4I*).5d.6s.(3D)""","=""6G*""","=""13/2""","=""""","=""2.339259""","=""""","=""""","=""0.01358""","=""""","=""  82             :    13                   (4I*)(3D) 6H*        ""","=""L3974"""
"=""4f11.(4I*).5d.6s.(3D)""","=""6H*""","=""15/2""","=""""","=""2.390036""","=""""","=""""","=""0.05078""","=""""","=""  82             :    11                   (4I*)(3D) 6I*        ""","=""L3974"""
"=""4f11.(4I*).5d.6s.(3D)""","=""*""","=""11/2""","=""""","=""2.487217""","=""""","=""""","=""0.09718""","=""""","=""  37  4G*        :    30                   (4I*)(3D) 6G*        ""","=""L3974"""
"=""4f10.(5I<6>).5d<5/2>.6s2""","=""(6,5/2)""","=""15/2""","=""""","=""2.488969""","=""""","=""""","=""0.00175""","=""""","=""             or  :    35                   (5I) 6K              ""","=""L3974"""
"=""4f10.(5I<6>).5d<5/2>.6s2""","=""(6,5/2)""","=""13/2""","=""""","=""2.509603""","=""""","=""""","=""0.02063""","=""""","=""             or  :    42                   (5I) 4I              ""","=""L3974"""
"=""4f11.(4I*).5d.6s.(3D)""","=""*""","=""19/2""","=""""","=""2.495089""","=""""","=""""","=""-0.01451""","=""""","=""  37  6L*        :    31                   (4I*)(3D) 4L*        ""","=""L3974"""
"=""4f10.(5I).5d2.(3F) (7G).6s""","=""8G""","=""15/2""","=""""","=""2.500410""","=""""","=""""","=""0.00532""","=""""","=""  58             :    32                   (5I)(3F). (7H) 8H    ""","=""L3974"""
"=""4f11.(4I*).5d.6s.(3D)""","=""6L*""","=""21/2""","=""""","=""2.505795""","=""""","=""""","=""0.00538""","=""""","=""  97             :     3                   (2K*)(3D) 4M*        ""","=""L3974"""
"=""4f10.(5I).5d2.(3F) (7F).6s""","=""8F""","=""13/2""","=""""","=""2.511705""","=""""","=""""","=""0.00591""","=""""","=""  57             :    31                   (5I)(3F). (7G) 8G    ""","=""L3974"""
"=""4f11.(4I*).5d.6s.(3D)""","=""*""","=""17/2""","=""""","=""2.518849""","=""""","=""""","=""0.00714""","=""""","=""  25  4L*        :    23                   (4I*)(3D) 6K*        ""","=""L3974"""
"=""4f10.(5I).5d.6s2""","=""""","=""11/2""","=""""","=""2.540858""","=""""","=""""","=""0.02201""","=""""","=""                 :    55                   (5I) 6K              ""","=""L3974"""
"=""4f11.(4I*).5d.6s.(3D)""","=""*""","=""13/2""","=""""","=""2.540904""","=""""","=""""","=""0.00005""","=""""","=""  35  4H*        :    23                   (4I*)(3D) 6H*        ""","=""L3974"""
"=""4f10.(5I).5d2.(3F) (7H).6s""","=""8H""","=""17/2""","=""""","=""2.541519""","=""""","=""""","=""0.00062""","=""""","=""  60             :    29                   (5I)(3F). (7I) 8I    ""","=""L3974"""
"=""4f11.(4I*).5d.6s.(3D)""","=""*""","=""17/2""","=""""","=""2.555787""","=""""","=""""","=""0.01427""","=""""","=""  34  6I*        :    27                   (4I*)(3D) 2L*        ""","=""L3974"""
"=""4f11.(4I*).5d.6s.(3D)""","=""6K*""","=""19/2""","=""""","=""2.582737""","=""""","=""""","=""0.02695""","=""""","=""  60             :    31                   (4I*)(3D) 4L*        ""","=""L3974"""
"=""4f10.5d.6s2""","=""""","=""11/2""","=""""","=""2.584963""","=""""","=""""","=""0.00223""","=""""","=""  96             :     4  4f11.6s.6p                            ""","=""L3974"""
"=""4f10.(5I<5>).5d<3/2>.6s2""","=""(5,3/2)""","=""13/2""","=""""","=""2.609224""","=""""","=""""","=""0.02426""","=""""","=""             or  :    66                   (5I) 6L              ""","=""L3974"""
"=""4f11.(4I*).5d.6s.(3D)""","=""*""","=""15/2""","=""""","=""2.612250""","=""""","=""""","=""0.00303""","=""""","=""  27  4K*        :    18                   (4I*)(3D) 2K*        ""","=""L3974"""
"=""4f10.(5I).5d2.(3F) (7I).6s""","=""8I""","=""19/2""","=""""","=""2.630586""","=""""","=""""","=""0.01834""","=""""","=""  54             :    33                   (5I)(3F). (7K) 8K    ""","=""L3974"""
"=""4f10.(5I).5d.6s2""","=""""","=""9/2""","=""""","=""2.649935""","=""""","=""""","=""0.01935""","=""""","=""                 :    62                   (5I) 4G              ""","=""L3974"""
"=""4f10.(5I<8>).6s2.6p<3/2>""","=""(8,3/2)*""","=""17/2""","=""""","=""2.650601""","=""""","=""""","=""0.00067""","=""""","=""             or  :    38                   (5I) 6I*             ""","=""L3974"""
"=""4f10.(5I<8>).6s2.6p<3/2>""","=""(8,3/2)*""","=""19/2""","=""""","=""2.663803""","=""""","=""""","=""0.01320""","=""""","=""             or  :    91                   (5I) 6K*             ""","=""L3974"""
"=""4f10.(5I<8>).6s2.6p<3/2>""","=""(8,3/2)*""","=""15/2""","=""""","=""2.688337""","=""""","=""""","=""0.02453""","=""""","=""             or  :    48                   (5I) 4I*             ""","=""L3974"""
"=""4f10.(5I<8>).6s2.6p<3/2>""","=""(8,3/2)*""","=""13/2""","=""""","=""2.730653""","=""""","=""""","=""0.04232""","=""""","=""             or  :    52                   (5I) 4H*             ""","=""L3974"""
"=""4f10.(5I).5d2.(3F) (7K).6s""","=""8K""","=""21/2""","=""""","=""2.665027""","=""""","=""""","=""-0.06563""","=""""","=""  56             :    34                   (5I)(3F). (7L) 8L    ""","=""L3974"""
"=""4f11.(4I*).5d.6s.(3D)""","=""*""","=""17/2""","=""""","=""2.672110""","=""""","=""""","=""0.00708""","=""""","=""  34  4K*        :    28                   (4I*)(3D) 6I*        ""","=""L3974"""
"=""4f11.(4I*<13/2>).6s.6p.(3P*<0>)""","=""(13/2,0)""","=""13/2""","=""""","=""2.676185""","=""""","=""""","=""0.00407""","=""""","=""                                                                ""","=""L3974"""
"=""4f10.(5I).5d2.(3F) (7L).6s""","=""8L""","=""13/2""","=""""","=""2.725256""","=""""","=""""","=""0.04907""","=""""","=""  84             :    14                   (5I)(3F). (7M) 8M    ""","=""L3974"""
"=""4f11.(4I*).5d.6s.(3D)""","=""*""","=""15/2""","=""""","=""2.729404""","=""""","=""""","=""0.00415""","=""""","=""  30  4I*        :    27                   (4I*)(3D) 2K*        ""","=""L3974"""
"=""4f11.(4I*<13/2>).6s.6p.(3P*<1>)""","=""(13/2,1)""","=""13/2""","=""""","=""2.747225""","=""""","=""""","=""0.01782""","=""""","=""                                                                ""","=""L3974"""
"=""4f11.(4I*<13/2>).6s.6p.(3P*<1>)""","=""(13/2,1)""","=""15/2""","=""""","=""2.755839""","=""""","=""""","=""0.00861""","=""""","=""             or  :    43                   (4I*).6s.6p.(3P*) 6K ""","=""L3974"""
"=""4f11.(4I*<13/2>).6s.6p.(3P*<1>)""","=""(13/2,1)""","=""11/2""","=""""","=""2.778875""","=""""","=""""","=""0.02304""","=""""","=""                                                                ""","=""L3974"""
"=""4f11.(4I*).5d.6s.(3D)""","=""*""","=""9/2""","=""""","=""2.747227""","=""""","=""""","=""-0.03165""","=""""","=""  36  4G*        :    31                   (4I*)(3D) 2G*        ""","=""L3974"""
"=""4f11.(4I*).5d.6s.(3D)""","=""*""","=""13/2""","=""""","=""2.776363""","=""""","=""""","=""0.02914""","=""""","=""  36  2I*        :    25                   (4I*)(3D) 4I*        ""","=""L3974"""
"=""4f10.(5I).5d2.(3F) (7F).6s""","=""""","=""13/2""","=""""","=""2.778987""","=""""","=""""","=""0.00262""","=""""","=""  24  8F         :    20                   (5I)(3F). (7H) 8H    ""","=""L3974"""
"=""4f10.(5I).5d2.(3F) (7K).6s""","=""""","=""17/2""","=""""","=""2.786779""","=""""","=""""","=""0.00779""","=""""","=""  22  8K         :    18                   (5I)(3F). (7H) 8H    ""","=""L3974"""
"=""4f10.(5I).5d2.(3F) (7G).6s""","=""""","=""15/2""","=""""","=""2.789721""","=""""","=""""","=""0.00294""","=""""","=""  21  8G         :    20                   (5I)(3F). (7I) 8I    ""","=""L3974"""
"=""4f11.(4I*).5d.6s.(3D)""","=""*""","=""11/2""","=""""","=""2.791949""","=""""","=""""","=""0.00223""","=""""","=""  28  2H*        :    28                   (4I*)(3D) 4H*        ""","=""L3974"""
"=""4f11.(4G*).6s2""","=""4G*""","=""11/2""","=""""","=""2.801241""","=""""","=""""","=""0.00929""","=""""","=""  55             :    32                   2H2*                 ""","=""L3974"""
"=""4f10.(5I).5d2.(3F) (7I).6s""","=""""","=""19/2""","=""""","=""2.835091""","=""""","=""""","=""0.03385""","=""""","=""  25  8I         :    20                   (5I)(3F). (7L) 8L    ""","=""L3974"""
"=""4f10.(5I<5>).5d<5/2>.6s2""","=""(5,5/2)""","=""13/2""","=""""","=""2.848932""","=""""","=""""","=""0.01384""","=""""","=""             or  :    41                   (5I) 4K              ""","=""L3974"""
"=""4f10.(5I<5>).5d<5/2>.6s2""","=""(5,5/2)""","=""11/2""","=""""","=""2.898665""","=""""","=""""","=""0.04973""","=""""","=""             or  :    24                   (5I) 4I              ""","=""L3974"""
"=""4f10.(5I<5>).5d<5/2>.6s2""","=""(5,5/2)""","=""15/2""","=""""","=""2.906844""","=""""","=""""","=""0.00818""","=""1.012""","=""             or  :    59                   (5I) 4L              ""","=""L3974"""
"=""4f10.(5I).5d2.(3F) (7K).6s""","=""""","=""21/2""","=""""","=""2.897103""","=""""","=""""","=""-0.00974""","=""""","=""  27  8K         :    17                   (5I)(3F). (5L) 6L    ""","=""L3974"""
"=""4f10.(5I).5d2.(3F) (7M).6s""","=""8M""","=""15/2""","=""""","=""2.898165""","=""""","=""""","=""0.00106""","=""""","="" 100                                                            ""","=""L3974"""
"=""4f11.(4I*<13/2>).6s.6p.(3P*<2>)""","=""(13/2,2)""","=""7/2""","=""""","=""""","=""""","=""""","=""""","=""""","=""                                                                ""","=""L3974"""
"=""4f11.(4I*<13/2>).6s.6p.(3P*<2>)""","=""(13/2,2)""","=""17/2""","=""""","=""2.913451""","=""""","=""""","=""""","=""""","=""             or  :    59                   (4I*)(3P*) 6K        ""","=""L3974"""
"=""4f11.(4I*<13/2>).6s.6p.(3P*<2>)""","=""(13/2,2)""","=""15/2""","=""""","=""2.955156""","=""""","=""""","=""0.04171""","=""""","=""             or  :    43                   (4I*)(3P*) 6I        ""","=""L3974"""
"=""4f11.(4I*<13/2>).6s.6p.(3P*<2>)""","=""(13/2,2)""","=""9/2""","=""""","=""2.958408""","=""""","=""""","=""0.00325""","=""""","=""                                                                ""","=""L3974"""
"=""4f11.(4I*<13/2>).6s.6p.(3P*<2>)""","=""(13/2,2)""","=""11/2""","=""""","=""2.968945""","=""""","=""""","=""0.01054""","=""""","=""                                                                ""","=""L3974"""
"=""4f11.(4I*<13/2>).6s.6p.(3P*<2>)""","=""(13/2,2)""","=""13/2""","=""""","=""2.970127""","=""""","=""""","=""0.00118""","=""""","=""                 :    14  4f10.5d.6s2                           ""","=""L3974"""
"=""4f11.(4I*).5d.6s.(1D)""","=""*""","=""13/2""","=""""","=""2.924206""","=""""","=""""","=""-0.04592""","=""""","=""  38  4H*        :    15  4f10.(5I).6s2.6p 6H*                  ""","=""L3974"""
"=""4f10.(5I<7>).6s2.6p<1/2>""","=""(7,1/2)*""","=""15/2""","=""""","=""2.953123""","=""""","=""""","=""0.02892""","=""""","=""             or  :    31                   (5I) 6K*             ""","=""L3974"""
"=""4f10.(5I<7>).6s2.6p<1/2>""","=""(7,1/2)*""","=""13/2""","=""""","=""2.968518""","=""""","=""""","=""0.01539""","=""""","=""             or  :    26                   (5I) 4H*             ""","=""L3974"""
"=""4f11.(4I*).5d.6s.(1D)""","=""4K*""","=""17/2""","=""""","=""2.961454""","=""""","=""""","=""-0.00706""","=""""","=""  89             :     6                   (4I*)(1D) 4L*        ""","=""L3974"""
"=""4f10.(5I).5d2.(3F) (7M).6s""","=""""","=""13/2""","=""""","=""2.976393""","=""""","=""""","=""0.01494""","=""""","=""  41  8M         :    37                   (5I)(3F). (5M) 6M    ""","=""L3974"""
"=""4f11.(4I*<15/2>).6s.6p.(1P*<1>)""","=""(15/2,1)""","=""13/2""","=""""","=""2.977384""","=""""","=""""","=""0.00099""","=""""","=""                                                                ""","=""L3974"""
"=""4f11.(4I*<15/2>).6s.6p.(1P*<1>)""","=""(15/2,1)""","=""17/2""","=""""","=""3.020356""","=""""","=""""","=""0.04297""","=""""","=""                                                                ""","=""L3974"""
"=""4f11.(4I*<15/2>).6s.6p.(1P*<1>)""","=""(15/2,1)""","=""15/2""","=""""","=""3.057550""","=""""","=""""","=""0.03719""","=""""","=""                                                                ""","=""L3974"""
"=""4f10.(5I).5d.6s.6p""","=""*""","=""15/2""","=""""","=""2.989512""","=""""","=""""","=""-0.06804""","=""""","=""                                                                ""","=""L3974"""
"=""4f10.(5I).5d.6s.6p""","=""*""","=""17/2""","=""""","=""2.989900""","=""""","=""""","=""0.00039""","=""""","=""                                                                ""","=""L3974"""
"=""4f10.5d.6s2""","=""""","=""11/2""","=""""","=""2.993129""","=""""","=""""","=""0.00323""","=""""","=""  95             :     5  4f11.6s.6p                            ""","=""L3974"""
"=""4f10.(5I).5d2.(3P) (7H).6s""","=""""","=""17/2""","=""""","=""3.008348""","=""""","=""""","=""0.01522""","=""""","=""  27  8H         :    14                   (5I)(3P). (7I) 8I    ""","=""L3974"""
"=""4f10.5d.6s2""","=""""","=""9/2""","=""""","=""3.019715""","=""""","=""""","=""0.01137""","=""""","=""  96             :     4  4f11.6s.6p                            ""","=""L3974"""
"=""4f11.(4I*).5d.6s.(1D)""","=""4I*""","=""15/2""","=""""","=""3.019995""","=""""","=""""","=""0.00028""","=""""","=""  80             :    10                   (4I*)(1D) 4K*        ""","=""L3974"""
"=""4f10.(5I).5d2.(3F) (7H).6s""","=""""","=""15/2""","=""""","=""3.022352""","=""""","=""""","=""0.00236""","=""""","=""  16  8H         :    10                   (5I)(3F). (5K) 6K    ""","=""L3974"""
"=""4f10.(5I).5d2.(3F) (5M).6s""","=""""","=""19/2""","=""""","=""3.025734""","=""""","=""""","=""0.00338""","=""""","=""  12  6M         :    11                   (5I)(3F). (7K) 8K    ""","=""L3974"""
"=""4f10.(5I).5d.6s.6p""","=""*""","=""13/2""","=""""","=""3.049360""","=""""","=""""","=""0.02363""","=""""","=""                                                                ""","=""L3974"""
"=""4f10.(5I).5d.6s.6p""","=""*""","=""19/2""","=""""","=""3.059713""","=""""","=""""","=""0.01035""","=""""","=""                                                                ""","=""L3974"""
"=""4f10.(5I).5d2.(3F) (5M).6s""","=""""","=""21/2""","=""""","=""3.064188""","=""""","=""""","=""0.00448""","=""""","=""  24  6M         :    14                   (5I)(3F). (3M) 4M    ""","=""L3974"""
"=""4f10.5d.6s2""","=""""","=""13/2""","=""""","=""3.067434""","=""""","=""""","=""0.00325""","=""""","=""  82             :    18  4f11.6s.6p                            ""","=""L3974"""
"=""4f10.(5I).5d2.(3F) (7G).6s""","=""""","=""13/2""","=""""","=""3.069865""","=""""","=""""","=""0.00243""","=""""","=""  18  8G         :    10                   (5I)(3F). (7I) 8I    ""","=""L3974"""
"=""4f10.(5I).5d2.(3P) (7H).6s""","=""8H""","=""17/2""","=""""","=""3.074260""","=""""","=""""","=""0.00440""","=""""","=""  64             :     6                   (5I)(3H). (7H) 8H    ""","=""L3974"""
"=""4f10.5d.6s2""","=""""","=""11/2""","=""""","=""3.132033""","=""""","=""""","=""0.05777""","=""0.90""","=""  63             :    37  4f11.6s.6p                            ""","=""L3974"""
"=""4f10.5d.6s2""","=""""","=""15/2""","=""""","=""3.133407""","=""""","=""""","=""0.00137""","=""""","=""  98                                                            ""","=""L3974"""
"=""4f10.(5I).5d2.(3P) (7K).6s""","=""8K""","=""21/2""","=""""","=""3.167185""","=""""","=""""","=""0.03378""","=""""","=""  86             :     6                   (5I)(1D). (5L) 6L    ""","=""L3974"""
"=""4f10.(5I).5d2.(3F) (3M).6s""","=""""","=""19/2""","=""""","=""3.167581""","=""""","=""""","=""0.00040""","=""""","=""  22  2M         :    11                   (5I)(3F). (5L) 6L    ""","=""L3974"""
"=""4f11.(4I*).5d.6s.(3D)""","=""*""","=""15/2""","=""""","=""3.172933""","=""""","=""""","=""0.00535""","=""""","=""  37  4L*        :    37                   (4I*)(3D) 6L*        ""","=""L3974"""
"=""4f11.(4I*).5d.6s.(3D)""","=""*""","=""11/2""","=""""","=""3.176036""","=""""","=""""","=""0.00310""","=""""","=""  44  4G*        :    17                   (4I*)(3D) 6G*        ""","=""L3974"""
"=""4f11.(4I*).5d.6s.(3D)""","=""6L*""","=""17/2""","=""""","=""3.181484""","=""""","=""""","=""0.00545""","=""""","=""  58             :    21                   (4I*)(3D) 2L*        ""","=""L3974"""
"=""4f11.(4I*).5d.6s.(3D)""","=""*""","=""9/2""","=""""","=""3.199417""","=""""","=""""","=""0.01793""","=""""","=""  34  2G*        :    33                   (4I*)(3D) 6G*        ""","=""L3974"""
"=""4f10.(5I<4>).5d<5/2>.6s2""","=""(4,5/2)""","=""13/2""","=""""","=""3.214992""","=""""","=""""","=""0.01558""","=""""","=""             or  :    75                   (5I) 4L              ""","=""L3974"""
"=""4f10.(5I).5d2.(3F) (7H).6s""","=""""","=""15/2""","=""""","=""3.219583""","=""""","=""""","=""0.00459""","=""""","=""  35  6H         :    11                   (5I)(3F). (7I) 6I    ""","=""L3974"""
"=""4f10.(5I).5d.6s.6p""","=""*""","=""21/2""","=""""","=""3.221153""","=""""","=""""","=""0.00157""","=""""","=""                                                                ""","=""L3974"""
"=""4f10.(5I).5d.6s.6p""","=""*""","=""15/2""","=""""","=""3.226505""","=""""","=""""","=""0.00535""","=""""","=""                                                                ""","=""L3974"""
"=""4f10.5d.6s2""","=""""","=""9/2""","=""""","=""3.228547""","=""""","=""""","=""0.00204""","=""""","=""  88             :    12  4f11.6s.6p                            ""","=""L3974"""
"=""4f10.(5I).5d.6s.6p""","=""*""","=""13/2""","=""""","=""3.239362""","=""""","=""""","=""0.01082""","=""""","=""                                                                ""","=""L3974"""
"=""4f10.(5I).5d.6s.6p""","=""*""","=""17/2""","=""""","=""3.241390""","=""""","=""""","=""0.00203""","=""""","=""                                                                ""","=""L3974"""
"=""4f11.(4I*).5d.6s.(3D)""","=""*""","=""15/2""","=""""","=""3.248186""","=""""","=""""","=""0.00680""","=""""","=""  37  6K*        :    28                   (4I*)(3D) 4I*        ""","=""L3974"""
"=""4f11.(4I*).5d.6s.(3D)""","=""*""","=""13/2""","=""""","=""3.251580""","=""""","=""""","=""0.00339""","=""""","=""  24  6K*        :    17                   (4I*)(3D) 4H*        ""","=""L3974"""
"=""4f11.(4I*).5d.6s.(3D)""","=""*""","=""13/2""","=""""","=""3.259309""","=""""","=""""","=""0.00773""","=""""","=""  26  4H*        :    16                   (4I*)(3D) 6H*        ""","=""L3974"""
"=""4f11.(4I*).5d.6s.(3D)""","=""*""","=""11/2""","=""""","=""3.278528""","=""""","=""""","=""0.01922""","=""""","=""  32  2H*        :    30                   (4I*)(3D) 6H*        ""","=""L3974"""
"=""4f10.(5I<7>).6s2.6p<3/2>""","=""(7,3/2)*""","=""15/2""","=""""","=""3.280215""","=""""","=""""","=""0.00169""","=""""","=""             or  :    43                   (5I) 6I*             ""","=""L3974"""
"=""4f10.(5I<7>).6s2.6p<3/2>""","=""(7,3/2)*""","=""17/2""","=""""","=""3.302669""","=""""","=""""","=""0.02245""","=""""","=""             or  :    60                   (5I) 6K*             ""","=""L3974"""
"=""4f10.(5I<7>).6s2.6p<3/2>""","=""(7,3/2)*""","=""11/2""","=""""","=""3.305998""","=""""","=""""","=""0.00333""","=""""","=""             or  :    43                   (5I) 6H*             ""","=""L3974"""
"=""4f10.(5I<7>).6s2.6p<3/2>""","=""(7,3/2)*""","=""13/2""","=""""","=""3.307120""","=""""","=""""","=""0.00112""","=""""","=""             or  :    37                   (5I) 6H*             ""","=""L3974"""
"=""4f11.(4I*).5d.6s.(3D)""","=""*""","=""17/2""","=""""","=""3.283160""","=""""","=""""","=""-0.02396""","=""""","=""  39  6K*        :    19                   (4I*)(3D) 4K*        ""","=""L3974"""
"=""4f10.(5I).5d.6s.6p""","=""*""","=""11/2""","=""""","=""3.289280""","=""""","=""""","=""0.00612""","=""""","=""                                                                ""","=""L3974"""
"=""4f10.(5I).5d2.(3F) (7I).6s""","=""""","=""17/2""","=""""","=""3.304863""","=""""","=""""","=""0.01558""","=""""","=""  43  6I         :    21                   (5I)(3F) (7K) 6K     ""","=""L3974"""
"=""4f10.(5I).5d.6s.6p""","=""*""","=""19/2""","=""""","=""3.319078""","=""""","=""""","=""0.01422""","=""""","=""                                                                ""","=""L3974"""
"=""4f10.(5I).5d.6s.6p""","=""*""","=""15/2""","=""""","=""3.324180""","=""""","=""""","=""0.00510""","=""""","=""                                                                ""","=""L3974"""
"=""4f11.(4I*).5d.6s.(3D)""","=""*""","=""15/2""","=""""","=""3.337953""","=""""","=""""","=""0.01377""","=""""","=""  42  6I*        :    14                   (4I*)(3D) 2K*        ""","=""L3974"""
"=""4f11.(4I*<11/2>).6s.6p.(3P*<2>)""","=""(11/2,2)""","=""15/2""","=""""","=""3.342329""","=""""","=""""","=""0.00438""","=""""","=""                                                                ""","=""L3974"""
"=""4f11.(4I*).5d.6s.(3D)""","=""*""","=""13/2""","=""""","=""3.344768""","=""""","=""""","=""0.00244""","=""""","=""  41  6I*        :    14                   (4I*)(3D) 4K*        ""","=""L3974"""
"=""4f11.(4I*).5d.6s.(3D)""","=""*""","=""11/2""","=""""","=""3.353748""","=""""","=""""","=""0.00898""","=""""","=""  25  4I*        :    16                   (4I*)(3D) 6I*        ""","=""L3974"""
"=""4f10.(5I).5d.6s.6p?""","=""*""","=""21/2""","=""""","=""3.392060""","=""""","=""""","=""0.03831""","=""""","=""                                                                ""","=""L3974"""
"=""4f10.(5I<6>).6s2.6p<1/2>""","=""(6,1/2)*""","=""13/2""","=""""","=""3.400117""","=""""","=""""","=""0.00806""","=""""","=""             or  :    40                   (5I) 6K*             ""","=""L3974"""
"=""4f10.(5I<6>).6s2.6p<1/2>""","=""(6,1/2)*""","=""11/2""","=""""","=""3.427311""","=""""","=""""","=""0.02719""","=""""","=""             or  :    73                   (5I) 4H*             ""","=""L3974"""
"=""4f10.(5I).5d.6s.6p?""","=""*""","=""19/2""","=""""","=""3.405879""","=""""","=""""","=""-0.02143""","=""""","=""                                                                ""","=""L3974"""
"=""4f10.(5I).5d.6s.6p?""","=""*""","=""15/2""","=""""","=""3.428102""","=""""","=""""","=""0.02222""","=""""","=""                                                                ""","=""L3974"""
"=""4f10.(5I).5d.6s.6p?""","=""*""","=""19/2""","=""""","=""3.430764""","=""""","=""""","=""0.00266""","=""""","=""                                                                ""","=""L3974"""
"=""4f10.(5I).5d.6s.6p?""","=""*""","=""13/2""","=""""","=""3.434060""","=""""","=""""","=""0.00330""","=""""","=""                                                                ""","=""L3974"""
"=""4f10.(5I).5d.6s.6p?""","=""*""","=""13/2""","=""""","=""3.437383""","=""""","=""""","=""0.00332""","=""""","=""                                                                ""","=""L3974"""
"=""4f10.(5I).5d.6s.6p?""","=""*""","=""17/2""","=""""","=""3.462033""","=""""","=""""","=""0.02465""","=""""","=""                                                                ""","=""L3974"""
"=""4f10.(5I).5d.6s.6p?""","=""*""","=""17/2""","=""""","=""3.501846""","=""""","=""""","=""0.03981""","=""""","=""                                                                ""","=""L3974"""
"=""4f10.(5I).5d.6s.6p?""","=""*""","=""17/2""","=""""","=""3.510711""","=""""","=""""","=""0.00887""","=""""","=""                                                                ""","=""L3974"""
"=""4f10.(5I).5d.6s.6p?""","=""*""","=""19/2""","=""""","=""3.520313""","=""""","=""""","=""0.00960""","=""""","=""                                                                ""","=""L3974"""
"=""4f10.(5I).5d.6s.6p?""","=""*""","=""21/2""","=""""","=""3.531224""","=""""","=""""","=""0.01091""","=""""","=""                                                                ""","=""L3974"""
"=""""","=""*""","=""15/2""","=""""","=""3.541135""","=""""","=""""","=""0.00991""","=""""","=""                                                                ""","=""L3974"""
"=""4f11.(4I*).5d.6s.(1D)""","=""4L*""","=""17/2""","=""""","=""3.578359""","=""""","=""""","=""0.03722""","=""""","=""  91             :     6                   (4I*)(1D) 4K*        ""","=""L3974"""
"=""4f10.(5I).5d.6s.6p?""","=""*""","=""21/2""","=""""","=""3.581628""","=""""","=""""","=""0.00327""","=""""","=""                                                                ""","=""L3974"""
"=""4f11.(4I*<13/2>).6s.6p.(1P*<1>)""","=""(13/2,1)""","=""11/2""","=""""","=""3.604193""","=""""","=""""","=""0.02257""","=""""","=""                                                                ""","=""L3974"""
"=""4f11.(4I*<13/2>).6s.6p.(1P*<1>)""","=""(13/2,1)""","=""15/2""","=""""","=""3.675214""","=""""","=""""","=""0.07102""","=""""","=""                                                                ""","=""L3974"""
"=""4f11.(4I*<13/2>).6s.6p.(1P*<1>)""","=""(13/2,1)""","=""13/2""","=""""","=""3.688767""","=""""","=""""","=""0.01355""","=""""","=""                                                                ""","=""L3974"""
"=""""","=""*""","=""15/2""","=""""","=""3.606287""","=""""","=""""","=""-0.08248""","=""""","=""                                                                ""","=""L3974"""
"=""4f10.(5I).5d.6s.6p?""","=""*""","=""13/2""","=""""","=""3.628634""","=""""","=""""","=""0.02235""","=""""","=""                                                                ""","=""L3974"""
"=""""","=""*""","=""17/2""","=""""","=""3.650478""","=""""","=""""","=""0.02184""","=""""","=""                                                                ""","=""L3974"""
"=""4f10.(5I).5d.6s.6p?""","=""*""","=""19/2""","=""""","=""3.653269""","=""""","=""""","=""0.00279""","=""""","=""                                                                ""","=""L3974"""
"=""4f10.(5I).5d.6s.6p?""","=""*""","=""21/2""","=""""","=""3.664734""","=""""","=""""","=""0.01147""","=""""","=""                                                                ""","=""L3974"""
"=""4f10.(5I).5d.6s.6p?""","=""8M*?""","=""15/2""","=""""","=""3.667009""","=""""","=""""","=""0.00228""","=""""","=""                                                                ""","=""L3974"""
"=""4f10.(5I).5d.6s.6p?""","=""*""","=""19/2""","=""""","=""3.681422""","=""""","=""""","=""0.01441""","=""""","=""                                                                ""","=""L3974"""
"=""""","=""*""","=""15/2""","=""""","=""3.698951""","=""""","=""""","=""0.01753""","=""""","=""                                                                ""","=""L3974"""
"=""""","=""*""","=""15/2""","=""""","=""3.716986""","=""""","=""""","=""0.01803""","=""""","=""                                                                ""","=""L3974"""
"=""4f10.(5I).5d.6s.6p?""","=""*""","=""13/2""","=""""","=""3.720890""","=""""","=""""","=""0.00390""","=""""","=""                                                                ""","=""L3974"""
"=""4f10.(5I<6>).6s2.6p<3/2>""","=""(6,3/2)*""","=""15/2""","=""""","=""""","=""""","=""""","=""""","=""""","=""                                                                ""","=""L3974"""
"=""4f10.(5I<6>).6s2.6p<3/2>""","=""(6,3/2)*""","=""9/2""","=""""","=""""","=""""","=""""","=""""","=""""","=""                                                                ""","=""L3974"""
"=""4f10.(5I<6>).6s2.6p<3/2>""","=""(6,3/2)*""","=""13/2""","=""""","=""3.723166""","=""""","=""""","=""""","=""""","=""             or  :    39                   (5I) 6I*             ""","=""L3974"""
"=""4f10.(5I<6>).6s2.6p<3/2>""","=""(6,3/2)*""","=""11/2""","=""""","=""3.737646""","=""""","=""""","=""0.01448""","=""""","=""             or  :    47                   (5I) 4I*             ""","=""L3974"""
"=""""","=""*""","=""15/2""","=""""","=""3.725614""","=""""","=""""","=""-0.01203""","=""""","=""                                                                ""","=""L3974"""
"=""4f10.(5I).5d.6s.6p?""","=""*""","=""17/2""","=""""","=""3.736302""","=""""","=""""","=""0.01069""","=""""","=""                                                                ""","=""L3974"""
"=""4f10.(5I).5d.6s.6p?""","=""*""","=""17/2""","=""""","=""3.760130""","=""""","=""""","=""0.02383""","=""""","=""                                                                ""","=""L3974"""
"=""""","=""*""","=""13/2""","=""""","=""3.761522""","=""""","=""""","=""0.00139""","=""""","=""                                                                ""","=""L3974"""
"=""4f10.(5I).5d.6s.6p?""","=""*""","=""19/2""","=""""","=""3.772291""","=""""","=""""","=""0.01077""","=""""","=""                                                                ""","=""L3974"""
"=""4f10.(5I).5d.6s.6p?""","=""*""","=""21/2""","=""""","=""3.779619""","=""""","=""""","=""0.00733""","=""""","=""                                                                ""","=""L3974"""
"=""4f10.(5I).5d.6s.6p?""","=""*""","=""17/2""","=""""","=""3.791703""","=""""","=""""","=""0.01208""","=""""","=""                                                                ""","=""L3974"""
"=""""","=""*""","=""15/2""","=""""","=""3.815439""","=""""","=""""","=""0.02374""","=""""","=""                                                                ""","=""L3974"""
"=""4f10.(5I).5d.6s.6p?""","=""*""","=""17/2""","=""""","=""3.819445""","=""""","=""""","=""0.00401""","=""""","=""                                                                ""","=""L3974"""
"=""4f10.(5I).5d.6s.6p?""","=""*""","=""19/2""","=""""","=""3.845820""","=""""","=""""","=""0.02637""","=""""","=""                                                                ""","=""L3974"""
"=""""","=""*""","=""15/2""","=""""","=""3.848772""","=""""","=""""","=""0.00295""","=""""","=""                                                                ""","=""L3974"""
"=""4f11.(4I*<15/2>).6s.7s.(3S<1>)""","=""(15/2,1)*""","=""17/2""","=""""","=""3.857920""","=""""","=""""","=""0.00915""","=""""","=""                                                                ""","=""L3974"""
"=""4f11.(4I*<15/2>).6s.7s.(3S<1>)""","=""(15/2,1)*""","=""15/2""","=""""","=""3.898467""","=""""","=""""","=""0.04055""","=""""","=""                                                                ""","=""L3974"""
"=""4f11.(4I*<15/2>).6s.7s.(3S<1>)""","=""(15/2,1)*""","=""13/2""","=""""","=""3.944713""","=""""","=""""","=""0.04625""","=""""","=""                                                                ""","=""L3974"""
"=""4f10.(5I).5d.6s.6p?""","=""*""","=""13/2""","=""""","=""3.907449""","=""""","=""""","=""-0.03726""","=""""","=""                                                                ""","=""L3974"""
"=""""","=""*""","=""15/2""","=""""","=""3.910485""","=""""","=""""","=""0.00304""","=""""","=""                                                                ""","=""L3974"""
"=""4f10.(5I).5d.6s.6p?""","=""*""","=""17/2""","=""""","=""3.941837""","=""""","=""""","=""0.03135""","=""""","=""                                                                ""","=""L3974"""
"=""4f10.5d.6s2""","=""""","=""9/2""","=""""","=""3.972424""","=""""","=""""","=""0.03059""","=""1.267""","=""                 :    20  (5G) 6d                               ""","=""L3974"""
"=""""","=""*""","=""15/2""","=""""","=""4.050744""","=""""","=""""","=""0.07832""","=""""","=""                                                                ""","=""L3974"""
"=""""","=""""","=""9/2""","=""""","=""4.064801""","=""""","=""""","=""0.01406""","=""""","=""                                                                ""","=""L3974"""
"=""4f11.(4I*<15/2>).6s.7s.(1S<0>)""","=""(15/2,0)*""","=""15/2""","=""""","=""4.092137""","=""""","=""""","=""0.02734""","=""""","=""                                                                ""","=""L3974"""
"=""""","=""*""","=""15/2""","=""""","=""4.102823""","=""""","=""""","=""0.01069""","=""""","=""                                                                ""","=""L3974"""
"=""4f10.5d.6s2""","=""""","=""11/2""","=""""","=""4.260850""","=""""","=""""","=""0.15803""","=""1.104""","=""  64             :    36  4f11.6s.6p                            ""","=""L3974"""
"=""""","=""*""","=""13/2""","=""""","=""4.296494""","=""""","=""""","=""0.03564""","=""""","=""                                                                ""","=""L3974"""
"=""""","=""""","=""9/2""","=""""","=""4.344499""","=""""","=""""","=""0.04800""","=""1.139""","=""                                                                ""","=""L3974"""
"=""4f11.(4I*<15/2>).6s (15/2,1/2)*<8>.7p<1/2>""","=""(8,1/2)""","=""15/2""","=""""","=""4.506146""","=""""","=""""","=""0.16165""","=""""","=""                                                                ""","=""L3974"""
"=""4f11.(4I*<15/2>).6s (15/2,1/2)*<8>.7p<1/2>""","=""(8,1/2)""","=""17/2""","=""""","=""4.509014""","=""""","=""""","=""0.00287""","=""""","=""                                                                ""","=""L3974"""
"=""4f11.(4I*<15/2>).6s (15/2,1/2)*<7>.7p<1/2>""","=""(7,1/2)""","=""13/2""","=""""","=""4.545749""","=""""","=""""","=""0.03674""","=""""","=""                                                                ""","=""L3974"""
"=""4f11.(4I*<15/2>).6s (15/2,1/2)*<7>.7p<1/2>""","=""(7,1/2)""","=""15/2""","=""""","=""4.570151""","=""""","=""""","=""0.02440""","=""""","=""                                                                ""","=""L3974"""
"=""4f11.(4I*<15/2>).6s (15/2,1/2)*<8>.7p<3/2>""","=""(8,3/2)""","=""19/2""","=""""","=""4.553524""","=""""","=""""","=""-0.01663""","=""""","=""                                                                ""","=""L3974"""
"=""4f11.(4I*<15/2>).6s (15/2,1/2)*<8>.7p<3/2>""","=""(8,3/2)""","=""17/2""","=""""","=""4.561532""","=""""","=""""","=""0.00801""","=""""","=""                                                                ""","=""L3974"""
"=""4f11.(4I*<15/2>).6s (15/2,1/2)*<8>.7p<3/2>""","=""(8,3/2)""","=""13/2""","=""""","=""4.574483""","=""""","=""""","=""0.01295""","=""""","=""                                                                ""","=""L3974"""
"=""4f11.(4I*<15/2>).6s (15/2,1/2)*<8>.7p<3/2>""","=""(8,3/2)""","=""15/2""","=""""","=""4.582281""","=""""","=""""","=""0.00780""","=""""","=""                                                                ""","=""L3974"""
"=""4f11.(4I*<13/2>).6s.7s.(3S<1>)""","=""(13/2,1)*""","=""15/2""","=""""","=""4.554092""","=""""","=""""","=""-0.02819""","=""""","=""                                                                ""","=""L3974"""
"=""4f11.(4I*<13/2>).6s.7s.(3S<1>)""","=""(13/2,1)*""","=""13/2""","=""""","=""4.571764""","=""""","=""""","=""0.01767""","=""""","=""                                                                ""","=""L3974"""
"=""4f11.(4I*<13/2>).6s.7s.(3S<1>)""","=""(13/2,1)*""","=""11/2""","=""""","=""4.591098""","=""""","=""""","=""0.01933""","=""""","=""                                                                ""","=""L3974"""
"=""4f11.(4I*<15/2>).6s (15/2,1/2)*<7>.7p<3/2>""","=""(7,3/2)""","=""15/2""","=""""","=""4.627666""","=""""","=""""","=""0.03657""","=""""","=""                                                                ""","=""L3974"""
"=""4f11.(4I*<15/2>).6s (15/2,1/2)*<7>.7p<3/2>""","=""(7,3/2)""","=""17/2""","=""""","=""4.635612""","=""""","=""""","=""0.00795""","=""""","=""                                                                ""","=""L3974"""
"=""4f11.(4I*<15/2>).6s (15/2,1/2)*<7>.7p<3/2>""","=""(7,3/2)""","=""13/2""","=""""","=""4.637538""","=""""","=""""","=""0.00193""","=""""","=""                                                                ""","=""L3974"""
"=""4f11.(4I*<15/2>).6s (15/2,1/2)*<7>.7p<3/2>""","=""(7,3/2)""","=""11/2""","=""""","=""4.641786""","=""""","=""""","=""0.00425""","=""""","=""                                                                ""","=""L3974"""
"=""""","=""""","=""17/2""","=""""","=""4.631654""","=""""","=""""","=""-0.01013""","=""""","=""                                                                ""","=""L3974"""
"=""""","=""""","=""13/2 or 15/2""","=""""","=""4.637522""","=""""","=""""","=""0.00587""","=""""","=""                                                                ""","=""L3974"""
"=""""","=""""","=""13/2 or 15/2""","=""""","=""4.647168""","=""""","=""""","=""0.00965""","=""""","=""                                                                ""","=""L3974"""
"=""""","=""*""","=""15/2""","=""""","=""4.664669""","=""""","=""""","=""0.01750""","=""""","=""                                                                ""","=""L3974"""
"=""""","=""""","=""15/2""","=""""","=""4.668217""","=""""","=""""","=""0.00355""","=""""","=""                                                                ""","=""L3974"""
"=""""","=""""","=""13/2 or 15/2""","=""""","=""4.694757""","=""""","=""""","=""0.02654""","=""""","=""                                                                ""","=""L3974"""
"=""""","=""""","=""13/2 or 15/2""","=""""","=""4.741732""","=""""","=""""","=""0.04697""","=""""","=""                                                                ""","=""L3974"""
"=""4f11.(4I*<13/2>).6s.7s.(1S<0>)""","=""(13/2,0)*""","=""13/2""","=""""","=""4.760644""","=""""","=""""","=""0.01891""","=""""","=""                                                                ""","=""L3974"""
"=""""","=""""","=""13/2""","=""""","=""4.775101""","=""""","=""""","=""0.01446""","=""""","=""                                                                ""","=""L3974"""
"=""""","=""""","=""13/2""","=""""","=""4.814078""","=""""","=""""","=""0.03898""","=""""","=""                                                                ""","=""L3974"""
"=""""","=""""","=""13/2 or 15/2""","=""""","=""4.847628""","=""""","=""""","=""0.03355""","=""""","=""                                                                ""","=""L3974"""
"=""""","=""""","=""13/2 or 15/2""","=""""","=""4.856700""","=""""","=""""","=""0.00907""","=""""","=""                                                                ""","=""L3974"""
"=""""","=""""","=""13/2""","=""""","=""4.904132""","=""""","=""""","=""0.04743""","=""""","=""                                                                ""","=""L3974"""
"=""""","=""""","=""15/2""","=""""","=""4.919268""","=""""","=""""","=""0.01514""","=""""","=""                                                                ""","=""L3974"""
"=""""","=""""","=""15/2""","=""""","=""4.947521""","=""""","=""""","=""0.02825""","=""""","=""                                                                ""","=""L3974"""
"=""Ho II (4f11.(4I*).5p6.6s (15/2,1/2)*<8>)""","=""Limit""","=""---""","=""""","=""6.0215""","=""""","=""0.0006""","=""""","=""""","=""                                                                ""","=""L4277"""
