Configuration,Term,J,Prefix,Level (eV),Suffix,Uncertainty (eV),Splitting,Lande,Reference
"=""5d6.6s2""","=""a 5D""","=""4""","=""""","=""0.000000""","=""""","=""0""","=""""","=""1.44""","=""L3466"""
"=""5d6.6s2""","=""a 5D""","=""2""","=""""","=""0.339777""","=""""","=""""","=""0.339777""","=""1.44""","="""""
"=""5d6.6s2""","=""a 5D""","=""3""","=""""","=""0.515690""","=""""","=""""","=""0.17591""","=""1.47""","="""""
"=""5d6.6s2""","=""a 5D""","=""1""","=""""","=""0.714910""","=""""","=""""","=""0.19922""","=""1.47""","="""""
"=""5d6.6s2""","=""a 5D""","=""0""","=""""","=""0.755410""","=""""","=""""","=""0.04050""","=""""","="""""
"=""5d7.(4F).6s""","=""a 5F""","=""5""","=""""","=""0.637765""","=""""","=""""","=""-0.11764""","=""1.38""","="""""
"=""5d7.(4F).6s""","=""a 5F""","=""4""","=""""","=""1.083973""","=""""","=""""","=""0.44621""","=""1.31""","="""""
"=""5d7.(4F).6s""","=""a 5F""","=""2""","=""""","=""1.260421""","=""""","=""""","=""0.17645""","=""1.45""","="""""
"=""5d7.(4F).6s""","=""a 5F""","=""3""","=""""","=""1.410692""","=""""","=""""","=""0.15027""","=""1.26""","="""""
"=""5d7.(4F).6s""","=""a 5F""","=""1""","=""""","=""1.614283""","=""""","=""""","=""0.20359""","=""0.31""","="""""
"=""5d7.(4F).6s""","=""a 3F""","=""4""","=""""","=""1.367618""","=""""","=""""","=""-0.24666""","=""1.16""","="""""
"=""5d7.(4F).6s""","=""a 3F""","=""2""","=""""","=""1.583821""","=""""","=""""","=""0.21620""","=""1.00""","="""""
"=""5d7.(4F).6s""","=""a 3F""","=""3""","=""""","=""1.747107""","=""""","=""""","=""0.16329""","=""1.10""","="""""
"=""""","=""1336""","=""2""","=""""","=""1.657028""","=""""","=""""","=""-0.09008""","=""0.94""","="""""
"=""5d6.6s2""","=""a 3H""","=""5""","=""""","=""1.777808""","=""""","=""""","=""0.12078""","=""1.13""","="""""
"=""5d6.6s2""","=""a 3H""","=""4""","=""""","=""1.840924""","=""""","=""""","=""0.06312""","=""1.08""","="""""
"=""5d6.6s2""","=""a 3H""","=""6""","=""""","=""1.841454""","=""""","=""""","=""0.00053""","=""1.14""","="""""
"=""""","=""1522""","=""2""","=""""","=""1.887358""","=""""","=""""","=""0.04590""","=""1.61""","="""""
"=""5d7.(4P).6s""","=""a 5P""","=""1""","=""""","=""""","=""""","=""""","=""""","=""""","="""""
"=""5d7.(4P).6s""","=""a 5P""","=""2""","=""""","=""""","=""""","=""""","=""""","=""""","="""""
"=""5d7.(4P).6s""","=""a 5P""","=""3""","=""""","=""1.908211""","=""""","=""""","=""""","=""1.54""","="""""
"=""""","=""1621""","=""1""","=""""","=""2.010083""","=""""","=""""","=""0.10187""","=""1.74""","="""""
"=""""","=""1766""","=""1""","=""""","=""2.190471""","=""""","=""""","=""0.18039""","=""1.40""","="""""
"=""5d7.(4P).6s""","=""a 3P""","=""1""","=""""","=""""","=""""","=""""","=""""","=""""","="""""
"=""5d7.(4P).6s""","=""a 3P""","=""2""","=""""","=""""","=""""","=""""","=""""","=""""","="""""
"=""5d7.(4P).6s""","=""a 3P""","=""0""","=""""","=""2.269084""","=""""","=""""","=""""","=""""","="""""
"=""""","=""1890""","=""3""","=""""","=""2.343542""","=""""","=""""","=""0.07446""","=""1.20""","="""""
"=""""","=""1904""","=""0""","=""""","=""2.361764""","=""""","=""""","=""0.01822""","=""""","="""""
"=""""","=""1910""","=""4""","=""""","=""2.369198""","=""""","=""""","=""0.00743""","=""1.03""","="""""
"=""""","=""1941""","=""2""","=""""","=""2.406615""","=""""","=""""","=""0.03742""","=""0.97""","="""""
"=""""","=""1989""","=""4""","=""""","=""2.466426""","=""""","=""""","=""0.05981""","=""1.06""","="""""
"=""""","=""2103""","=""1""","=""""","=""2.607815""","=""""","=""""","=""0.14139""","=""0.88""","="""""
"=""""","=""2112""","=""3""","=""""","=""2.619000""","=""""","=""""","=""0.01119""","=""0.94""","="""""
"=""""","=""2130""","=""2""","=""""","=""2.641280""","=""""","=""""","=""0.02228""","=""1.26""","="""""
"=""""","=""2256""","=""1""","=""""","=""2.797536""","=""""","=""""","=""0.15626""","=""""","="""""
"=""5d6.6s.(6D).6p""","=""z 7D*""","=""1""","=""""","=""""","=""""","=""""","=""""","=""""","="""""
"=""5d6.6s.(6D).6p""","=""z 7D*""","=""4""","=""""","=""2.803988""","=""""","=""""","=""""","=""1.62""","="""""
"=""5d6.6s.(6D).6p""","=""z 7D*""","=""5""","=""""","=""2.909029""","=""""","=""""","=""0.10504""","=""1.55""","="""""
"=""5d6.6s.(6D).6p""","=""z 7D*""","=""3""","=""""","=""3.101208""","=""""","=""""","=""0.19218""","=""1.73""","="""""
"=""5d6.6s.(6D).6p""","=""z 7D*""","=""2""","=""""","=""3.133753""","=""""","=""""","=""0.03254""","=""2.04""","="""""
"=""""","=""2331""","=""2""","=""""","=""2.891014""","=""""","=""""","=""-0.24274""","=""1.27""","="""""
"=""""","=""2332""","=""4""","=""""","=""2.891641""","=""""","=""""","=""0.00063""","=""1.04""","="""""
"=""""","=""2398""","=""3""","=""""","=""2.973709""","=""""","=""""","=""0.08207""","=""1.07""","="""""
"=""""","=""2429""","=""5""","=""""","=""3.011820""","=""""","=""""","=""0.03811""","=""""","="""""
"=""""","=""2506""","=""2""","=""""","=""3.108248""","=""""","=""""","=""0.09643""","=""0.89""","="""""
"=""""","=""2559""","=""3""","=""""","=""3.173244""","=""""","=""""","=""0.06500""","=""""","="""""
"=""""","=""2560""","=""4""","=""""","=""3.174188""","=""""","=""""","=""0.00094""","=""""","="""""
"=""""","=""2795*""","=""2""","=""""","=""3.465894""","=""""","=""""","=""0.29171""","=""2.04""","="""""
"=""""","=""2813""","=""3""","=""""","=""3.488856""","=""""","=""""","=""0.02296""","=""1.24""","="""""
"=""5d6.6s.(6D).6p""","=""z 7P*""","=""2""","=""""","=""""","=""""","=""""","=""""","=""""","="""""
"=""5d6.6s.(6D).6p""","=""z 7P*""","=""4""","=""""","=""3.512692""","=""""","=""""","=""""","=""1.59""","="""""
"=""5d6.6s.(6D).6p""","=""z 7P*""","=""3""","=""""","=""3.517640""","=""""","=""""","=""0.00495""","=""1.74""","="""""
"=""""","=""2841""","=""2""","=""""","=""3.522633""","=""""","=""""","=""0.00499""","=""""","="""""
"=""""","=""2860*""","=""2""","=""""","=""3.547184""","=""""","=""""","=""0.02455""","=""""","="""""
"=""5d6.6s.(6D).6p""","=""z 7F*""","=""0""","=""""","=""""","=""""","=""""","=""""","=""""","="""""
"=""5d6.6s.(6D).6p""","=""z 7F*""","=""1""","=""""","=""""","=""""","=""""","=""""","=""""","="""""
"=""5d6.6s.(6D).6p""","=""z 7F*""","=""2""","=""""","=""""","=""""","=""""","=""""","=""""","="""""
"=""5d6.6s.(6D).6p""","=""z 7F*""","=""3""","=""""","=""""","=""""","=""""","=""""","=""""","="""""
"=""5d6.6s.(6D).6p""","=""z 7F*""","=""4""","=""""","=""""","=""""","=""""","=""""","=""""","="""""
"=""5d6.6s.(6D).6p""","=""z 7F*""","=""5""","=""""","=""""","=""""","=""""","=""""","=""""","="""""
"=""5d6.6s.(6D).6p""","=""z 7F*""","=""6""","=""""","=""3.607867""","=""""","=""""","=""""","=""1.48""","="""""
"=""""","=""2938*""","=""3""","=""""","=""3.642860""","=""""","=""""","=""0.03499""","=""1.49""","="""""
"=""""","=""2939""","=""4""","=""""","=""3.644429""","=""""","=""""","=""0.00157""","=""""","="""""
"=""""","=""3005""","=""2""","=""""","=""3.726567""","=""""","=""""","=""0.08214""","=""""","="""""
"=""""","=""3007*""","=""2""","=""""","=""3.729231""","=""""","=""""","=""0.00266""","=""1.48""","="""""
"=""""","=""3027*""","=""5""","=""""","=""3.754235""","=""""","=""""","=""0.02500""","=""1.47""","="""""
"=""""","=""3052*""","=""1""","=""""","=""3.784608""","=""""","=""""","=""0.03037""","=""1.55?""","="""""
"=""""","=""3059*""","=""4""","=""""","=""3.792856""","=""""","=""""","=""0.00825""","=""1.54""","="""""
"=""""","=""3245*""","=""2""","=""""","=""4.024210""","=""""","=""""","=""0.23135""","=""1.84""","="""""
"=""""","=""3268*""","=""4""","=""""","=""4.052375""","=""""","=""""","=""0.02816""","=""1.47""","="""""
"=""""","=""3312*""","=""3""","=""""","=""4.106912""","=""""","=""""","=""0.05454""","=""1.63""","="""""
"=""""","=""3412*""","=""3""","=""""","=""4.231010""","=""""","=""""","=""0.12410""","=""1.44""","="""""
"=""""","=""3436*""","=""5""","=""""","=""4.260758""","=""""","=""""","=""0.02975""","=""1.42""","="""""
"=""""","=""3480*""","=""4""","=""""","=""4.315124""","=""""","=""""","=""0.05437""","=""1.37""","="""""
"=""""","=""3509*""","=""2""","=""""","=""4.350668""","=""""","=""""","=""0.03554""","=""1.57""","="""""
"=""""","=""3561*""","=""3""","=""""","=""4.415811""","=""""","=""""","=""0.06514""","=""1.51""","="""""
"=""""","=""3591*""","=""1""","=""""","=""4.453457""","=""""","=""""","=""0.03765""","=""1.29""","="""""
"=""""","=""3634*""","=""2""","=""""","=""4.506306""","=""""","=""""","=""0.05285""","=""1.15""","="""""
"=""""","=""3663*""","=""2""","=""""","=""4.542104""","=""""","=""""","=""0.03580""","=""1.36""","="""""
"=""""","=""3680*""","=""3""","=""""","=""4.563396""","=""""","=""""","=""0.02129""","=""1.48""","="""""
"=""""","=""3681*""","=""5""","=""""","=""4.564843""","=""""","=""""","=""0.00145""","=""1.28""","="""""
"=""""","=""3682*""","=""4""","=""""","=""4.565890""","=""""","=""""","=""0.00105""","=""1.41""","="""""
"=""""","=""3697*""","=""1""","=""""","=""4.584875""","=""""","=""""","=""0.01899""","=""1.31""","="""""
"=""""","=""3780*""","=""3""","=""""","=""4.687666""","=""""","=""""","=""0.10279""","=""1.26""","="""""
"=""""","=""3790*""","=""4""","=""""","=""4.700088""","=""""","=""""","=""0.01242""","=""1.45""","="""""
"=""""","=""3792*""","=""2""","=""""","=""4.701693""","=""""","=""""","=""0.00160""","=""1.45""","="""""
"=""""","=""3813*""","=""4""","=""""","=""4.727529""","=""""","=""""","=""0.02584""","=""1.24""","="""""
"=""""","=""3824*""","=""1""","=""""","=""4.741676""","=""""","=""""","=""0.01415""","=""1.55""","="""""
"=""""","=""3826*""","=""3""","=""""","=""4.744151""","=""""","=""""","=""0.00247""","=""1.23""","="""""
"=""""","=""3833*""","=""2""","=""""","=""4.752407""","=""""","=""""","=""0.00826""","=""1.41""","="""""
"=""""","=""3848*""","=""3""","=""""","=""4.771657""","=""""","=""""","=""0.01925""","=""1.61""","="""""
"=""""","=""3861*""","=""1""","=""""","=""4.787456""","=""""","=""""","=""0.01580""","=""0.29""","="""""
"=""""","=""3874*""","=""2""","=""""","=""4.803295""","=""""","=""""","=""0.01584""","=""1.60""","="""""
"=""""","=""3887*""","=""1""","=""""","=""4.820006""","=""""","=""""","=""0.01671""","=""1.90""","="""""
"=""""","=""3938*""","=""3""","=""""","=""4.882863""","=""""","=""""","=""0.06286""","=""1.18""","="""""
"=""""","=""3940*""","=""5""","=""""","=""4.885843""","=""""","=""""","=""0.00298""","=""1.18""","="""""
"=""""","=""3949*""","=""2""","=""""","=""4.896607""","=""""","=""""","=""0.01076""","=""0.93""","="""""
"=""""","=""3967*""","=""2""","=""""","=""4.919059""","=""""","=""""","=""0.02245""","=""1.91""","="""""
"=""""","=""4008*""","=""4""","=""""","=""4.970156""","=""""","=""""","=""0.05110""","=""1.36""","="""""
"=""""","=""4029*""","=""6""","=""""","=""4.995378""","=""""","=""""","=""0.02522""","=""1.30""","="""""
"=""""","=""4036*""","=""4""","=""""","=""5.004240""","=""""","=""""","=""0.00886""","=""1.32""","="""""
"=""""","=""4049*""","=""1""","=""""","=""5.021048""","=""""","=""""","=""0.01681""","=""2.18""","="""""
"=""""","=""4088*""","=""2""","=""""","=""5.069472""","=""""","=""""","=""0.04842""","=""0.82""","="""""
"=""""","=""4102*""","=""6""","=""""","=""5.086231""","=""""","=""""","=""0.01676""","=""1.23""","="""""
"=""""","=""4122*""","=""5""","=""""","=""5.111251""","=""""","=""""","=""0.02502""","=""1.27""","="""""
"=""""","=""4123*""","=""3""","=""""","=""5.112114""","=""""","=""""","=""0.00086""","=""1.08""","="""""
"=""""","=""4172*""","=""4""","=""""","=""5.173313""","=""""","=""""","=""0.06120""","=""1.04""","="""""
"=""""","=""4187*""","=""3""","=""""","=""5.191954""","=""""","=""""","=""0.01864""","=""1.30""","="""""
"=""""","=""4229*""","=""1""","=""""","=""5.244511""","=""""","=""""","=""0.05256""","=""1.00""","="""""
"=""""","=""4231*""","=""4""","=""""","=""5.245802""","=""""","=""""","=""0.00129""","=""1.22""","="""""
"=""""","=""4231*""","=""3""","=""""","=""5.246600""","=""""","=""""","=""0.00080""","=""1.03""","="""""
"=""""","=""4242*""","=""1""","=""""","=""5.259702""","=""""","=""""","=""0.01310""","=""1.86""","="""""
"=""""","=""4258*""","=""0""","=""""","=""5.279588""","=""""","=""""","=""0.01989""","=""""","="""""
"=""""","=""4265*""","=""2""","=""""","=""5.288963""","=""""","=""""","=""0.00937""","=""1.41""","="""""
"=""""","=""4274*""","=""4""","=""""","=""5.299899""","=""""","=""""","=""0.01094""","=""1.32""","="""""
"=""""","=""4301*""","=""3""","=""""","=""5.332754""","=""""","=""""","=""0.03286""","=""1.05""","="""""
"=""""","=""4340*""","=""5""","=""""","=""5.381140""","=""""","=""""","=""0.04839""","=""1.22""","="""""
"=""""","=""4343*""","=""2""","=""""","=""5.385518""","=""""","=""""","=""0.00438""","=""1.00""","="""""
"=""""","=""4351*""","=""3""","=""""","=""5.395265""","=""""","=""""","=""0.00975""","=""1.21""","="""""
"=""""","=""4361*""","=""2""","=""""","=""5.407051""","=""""","=""""","=""0.01179""","=""1.05""","="""""
"=""""","=""4375*""","=""4""","=""""","=""5.424884""","=""""","=""""","=""0.01783""","=""1.05""","="""""
"=""""","=""4386*""","=""4""","=""""","=""5.438404""","=""""","=""""","=""0.01352""","=""1.20""","="""""
"=""""","=""4387*""","=""5""","=""""","=""5.439946""","=""""","=""""","=""0.00154""","=""1.13""","="""""
"=""""","=""4407*""","=""2""","=""""","=""5.464646""","=""""","=""""","=""0.02470""","=""1.16""","="""""
"=""""","=""4414*""","=""3""","=""""","=""5.473176""","=""""","=""""","=""0.00853""","=""1.13""","="""""
"=""""","=""4447*""","=""1""","=""""","=""5.514182""","=""""","=""""","=""0.04101""","=""1.01""","="""""
"=""""","=""4466*""","=""2""","=""""","=""5.537503""","=""""","=""""","=""0.02332""","=""1.31""","="""""
"=""""","=""4472*""","=""1""","=""""","=""5.545805""","=""""","=""""","=""0.00830""","=""1.01""","="""""
"=""""","=""4483*""","=""6""","=""""","=""5.559339""","=""""","=""""","=""0.01353""","=""1.19""","="""""
"=""""","=""4486*""","=""3""","=""""","=""5.563135""","=""""","=""""","=""0.00380""","=""1.35""","="""""
"=""""","=""4489*""","=""4""","=""""","=""5.565982""","=""""","=""""","=""0.00285""","=""1.22""","="""""
"=""""","=""4492*""","=""5""","=""""","=""5.569509""","=""""","=""""","=""0.00353""","=""1.27""","="""""
"=""""","=""4531*""","=""6""","=""""","=""5.618453""","=""""","=""""","=""0.04894""","=""1.30""","="""""
"=""""","=""4538*""","=""4""","=""""","=""5.627480""","=""""","=""""","=""0.00903""","=""1.07""","="""""
"=""""","=""4550*""","=""2""","=""""","=""5.641709""","=""""","=""""","=""0.01423""","=""1.32""","="""""
"=""""","=""4556*""","=""3""","=""""","=""5.648967""","=""""","=""""","=""0.00726""","=""1.00""","="""""
"=""""","=""4575*""","=""5""","=""""","=""5.673347""","=""""","=""""","=""0.02438""","=""1.23""","="""""
"=""""","=""4577*""","=""3""","=""""","=""5.675321""","=""""","=""""","=""0.00197""","=""1.12""","="""""
"=""""","=""4616*""","=""2""","=""""","=""5.724293""","=""""","=""""","=""0.04897""","=""1.19""","="""""
"=""""","=""4620*""","=""1""","=""""","=""5.728363""","=""""","=""""","=""0.00407""","=""0.62""","="""""
"=""""","=""4626*""","=""4""","=""""","=""5.735938""","=""""","=""""","=""0.00758""","=""1.12""","="""""
"=""""","=""4632*""","=""3""","=""""","=""5.743939""","=""""","=""""","=""0.00800""","=""1.11""","="""""
"=""""","=""4640*""","=""2""","=""""","=""5.753722""","=""""","=""""","=""0.00978""","=""1.15""","="""""
"=""""","=""4651*""","=""1""","=""""","=""5.767181""","=""""","=""""","=""0.01346""","=""1.19""","="""""
"=""""","=""4677*""","=""3""","=""""","=""5.799521""","=""""","=""""","=""0.03234""","=""1.25""","="""""
"=""""","=""4681*""","=""2""","=""""","=""5.804056""","=""""","=""""","=""0.00453""","=""1.15""","="""""
"=""""","=""4694*""","=""1 or 2""","=""""","=""5.820701""","=""""","=""""","=""0.01664""","=""""","="""""
"=""""","=""4705*""","=""3""","=""""","=""5.834360""","=""""","=""""","=""0.01366""","=""1.21""","="""""
"=""""","=""4715*""","=""4""","=""""","=""5.846906""","=""""","=""""","=""0.01255""","=""1.12""","="""""
"=""5d6.6s.(6D).7s""","=""e 7D""","=""1""","=""""","=""""","=""""","=""""","=""""","=""""","="""""
"=""5d6.6s.(6D).7s""","=""e 7D""","=""2""","=""""","=""""","=""""","=""""","=""""","=""""","="""""
"=""5d6.6s.(6D).7s""","=""e 7D""","=""5""","=""""","=""5.851897""","=""""","=""""","=""""","=""1.57""","="""""
"=""5d6.6s.(6D).7s""","=""e 7D""","=""4""","=""""","=""6.042672""","=""""","=""""","=""0.19077""","=""1.50""","="""""
"=""5d6.6s.(6D).7s""","=""e 7D""","=""3""","=""""","=""6.340320""","=""""","=""""","=""0.29765""","=""1.71""","="""""
"=""""","=""4720*""","=""5""","=""""","=""5.852085""","=""""","=""""","=""-0.48824""","=""1.31""","="""""
"=""""","=""4747*""","=""1""","=""""","=""5.886404""","=""""","=""""","=""0.03432""","=""1.14""","="""""
"=""""","=""4753*""","=""2""","=""""","=""5.894157""","=""""","=""""","=""0.00775""","=""0.99""","="""""
"=""""","=""4761*""","=""3""","=""""","=""5.903463""","=""""","=""""","=""0.00931""","=""1.12""","="""""
"=""""","=""4782*""","=""3""","=""""","=""5.929877""","=""""","=""""","=""0.02641""","=""1.11""","="""""
"=""""","=""4784*""","=""3""","=""""","=""5.932054""","=""""","=""""","=""0.00218""","=""""","="""""
"=""""","=""4785*""","=""4""","=""""","=""5.933082""","=""""","=""""","=""0.00103""","=""1.17""","="""""
"=""""","=""4793*""","=""2""","=""""","=""5.943169""","=""""","=""""","=""0.01009""","=""1.21""","="""""
"=""""","=""4795*""","=""3""","=""""","=""5.946030""","=""""","=""""","=""0.00286""","=""""","="""""
"=""""","=""4813*""","=""4""","=""""","=""5.967598""","=""""","=""""","=""0.02157""","=""""","="""""
"=""""","=""4830*""","=""3""","=""""","=""5.988754""","=""""","=""""","=""0.02116""","=""1.14""","="""""
"=""""","=""4833*""","=""1""","=""""","=""5.993158""","=""""","=""""","=""0.00440""","=""""","="""""
"=""""","=""4840*""","=""1""","=""""","=""6.001991""","=""""","=""""","=""0.00883""","=""0.98""","="""""
"=""""","=""4852*""","=""4""","=""""","=""6.016441""","=""""","=""""","=""0.01445""","=""1.07""","="""""
"=""""","=""4854*""","=""1""","=""""","=""6.018993""","=""""","=""""","=""0.00255""","=""""","="""""
"=""""","=""4875*""","=""4""","=""""","=""6.044986""","=""""","=""""","=""0.02599""","=""1.16""","="""""
"=""""","=""4877*""","=""2""","=""""","=""6.047142""","=""""","=""""","=""0.00216""","=""1.15""","="""""
"=""""","=""4887*""","=""3""","=""""","=""6.059719""","=""""","=""""","=""0.01258""","=""1.28""","="""""
"=""""","=""4899*""","=""2""","=""""","=""6.075171""","=""""","=""""","=""0.01545""","=""""","="""""
"=""""","=""4905*""","=""1""","=""""","=""6.081871""","=""""","=""""","=""0.00670""","=""0.89""","="""""
"=""""","=""4911*""","=""2""","=""""","=""6.089124""","=""""","=""""","=""0.00725""","=""1.10""","="""""
"=""""","=""4913*""","=""3""","=""""","=""6.092349""","=""""","=""""","=""0.00322""","=""1.23""","="""""
"=""""","=""4920*""","=""3""","=""""","=""6.100274""","=""""","=""""","=""0.00793""","=""""","="""""
"=""""","=""4946*""","=""3""","=""""","=""6.132406""","=""""","=""""","=""0.03213""","=""""","="""""
"=""""","=""4948*""","=""4""","=""""","=""6.134985""","=""""","=""""","=""0.00258""","=""1.20""","="""""
"=""""","=""4953*""","=""5""","=""""","=""6.141468""","=""""","=""""","=""0.00648""","=""""","="""""
"=""""","=""4961*""","=""2""","=""""","=""6.151456""","=""""","=""""","=""0.00999""","=""1.10""","="""""
"=""""","=""4968*""","=""3""","=""""","=""6.159591""","=""""","=""""","=""0.00814""","=""""","="""""
"=""""","=""4987*""","=""2""","=""""","=""6.183411""","=""""","=""""","=""0.02382""","=""0.93""","="""""
"=""""","=""4990*""","=""3""","=""""","=""6.187250""","=""""","=""""","=""0.00384""","=""""","="""""
"=""""","=""4994*""","=""3""","=""""","=""6.192646""","=""""","=""""","=""0.00540""","=""1.19""","="""""
"=""""","=""5000*""","=""1""","=""""","=""6.200122""","=""""","=""""","=""0.00748""","=""1.42""","="""""
"=""""","=""5015*""","=""3""","=""""","=""6.218250""","=""""","=""""","=""0.01813""","=""1.16""","="""""
"=""""","=""5027*""","=""4""","=""""","=""6.233294""","=""""","=""""","=""0.01504""","=""1.12""","="""""
"=""""","=""5029*""","=""4""","=""""","=""6.235607""","=""""","=""""","=""0.00231""","=""1.18""","="""""
"=""""","=""5031*""","=""2""","=""""","=""6.237857""","=""""","=""""","=""0.00225""","=""1.15""","="""""
"=""""","=""5032*""","=""3""","=""""","=""6.240121""","=""""","=""""","=""0.00226""","=""1.22""","="""""
"=""""","=""5037*""","=""5""","=""""","=""6.245976""","=""""","=""""","=""0.00585""","=""1.19""","="""""
"=""""","=""5045*""","=""3""","=""""","=""6.255474""","=""""","=""""","=""0.00950""","=""""","="""""
"=""""","=""5050*""","=""4""","=""""","=""6.261640""","=""""","=""""","=""0.00617""","=""1.19""","="""""
"=""""","=""5053*""","=""3""","=""""","=""6.264995""","=""""","=""""","=""0.00335""","=""""","="""""
"=""""","=""5058*""","=""1""","=""""","=""6.272347""","=""""","=""""","=""0.00735""","=""1.06""","="""""
"=""""","=""5063*""","=""6""","=""""","=""6.277352""","=""""","=""""","=""0.00500""","=""1.13""","="""""
"=""""","=""5067*""","=""1""","=""""","=""6.282382""","=""""","=""""","=""0.00503""","=""1.19""","="""""
"=""""","=""5090*""","=""5""","=""""","=""6.311152""","=""""","=""""","=""0.02877""","=""1.19""","="""""
"=""""","=""5093*""","=""4""","=""""","=""6.315413""","=""""","=""""","=""0.00426""","=""1.18""","="""""
"=""""","=""5098*""","=""2""","=""""","=""6.321926""","=""""","=""""","=""0.00651""","=""1.12""","="""""
"=""5d6.6s.(6D).7s""","=""e 5D""","=""0""","=""""","=""""","=""""","=""""","=""""","=""""","="""""
"=""5d6.6s.(6D).7s""","=""e 5D""","=""1""","=""""","=""""","=""""","=""""","=""""","=""""","="""""
"=""5d6.6s.(6D).7s""","=""e 5D""","=""4""","=""""","=""6.327966""","=""""","=""""","=""""","=""1.59""","="""""
"=""5d6.6s.(6D).7s""","=""e 5D""","=""2""","=""""","=""6.465614""","=""""","=""""","=""0.13765""","=""1.80""","="""""
"=""5d6.6s.(6D).7s""","=""e 5D""","=""3""","=""""","=""6.496996""","=""""","=""""","=""0.03138""","=""""","="""""
"=""""","=""5104*""","=""3""","=""""","=""6.328496""","=""""","=""""","=""-0.16850""","=""1.25""","="""""
"=""""","=""5116*""","=""0""","=""""","=""6.343823""","=""""","=""""","=""0.01533""","=""""","="""""
"=""""","=""5121*""","=""1""","=""""","=""6.350190""","=""""","=""""","=""0.00637""","=""0.66""","="""""
"=""""","=""5122*""","=""3""","=""""","=""6.351541""","=""""","=""""","=""0.00135""","=""1.27""","="""""
"=""""","=""5131*""","=""2""","=""""","=""6.361783""","=""""","=""""","=""0.01024""","=""0.90""","="""""
"=""""","=""5132*""","=""4""","=""""","=""6.364022""","=""""","=""""","=""0.00224""","=""1.07""","="""""
"=""""","=""5154*""","=""2""","=""""","=""6.390875""","=""""","=""""","=""0.02685""","=""1.50""","="""""
"=""""","=""5165*""","=""2""","=""""","=""6.404520""","=""""","=""""","=""0.01364""","=""1.09""","="""""
"=""""","=""5175*""","=""3""","=""""","=""6.417255""","=""""","=""""","=""0.01274""","=""1.13""","="""""
"=""""","=""5204*""","=""6""","=""""","=""6.452460""","=""""","=""""","=""0.03521""","=""1.17""","="""""
"=""""","=""5213*""","=""3""","=""""","=""6.464302""","=""""","=""""","=""0.01184""","=""1.08""","="""""
"=""""","=""5216*""","=""2""","=""""","=""6.467267""","=""""","=""""","=""0.00296""","=""1.21""","="""""
"=""""","=""5233*""","=""2""","=""""","=""6.489058""","=""""","=""""","=""0.02179""","=""""","="""""
"=""""","=""5237*""","=""1""","=""""","=""6.493664""","=""""","=""""","=""0.00461""","=""1.14""","="""""
"=""""","=""5249*""","=""4""","=""""","=""6.508000""","=""""","=""""","=""0.01434""","=""1.11""","="""""
"=""""","=""5256*""","=""3""","=""""","=""6.517082""","=""""","=""""","=""0.00908""","=""""","="""""
"=""""","=""5260*""","=""3""","=""""","=""6.522081""","=""""","=""""","=""0.00500""","=""0.99""","="""""
"=""""","=""5267*""","=""3""","=""""","=""6.531188""","=""""","=""""","=""0.00911""","=""""","="""""
"=""""","=""5271*""","=""4""","=""""","=""6.535931""","=""""","=""""","=""0.00474""","=""1.13""","="""""
"=""""","=""5280*""","=""6""","=""""","=""6.546601""","=""""","=""""","=""0.01067""","=""1.13""","="""""
"=""""","=""5293*""","=""3""","=""""","=""6.563426""","=""""","=""""","=""0.01682""","=""1.24""","="""""
"=""""","=""5307*""","=""2""","=""""","=""6.580243""","=""""","=""""","=""0.01682""","=""1.20""","="""""
"=""""","=""5313*""","=""4""","=""""","=""6.587435""","=""""","=""""","=""0.00719""","=""1.19""","="""""
"=""""","=""5333*""","=""3""","=""""","=""6.613096""","=""""","=""""","=""0.02566""","=""1.39""","="""""
"=""""","=""5342*""","=""2""","=""""","=""6.623738""","=""""","=""""","=""0.01064""","=""""","="""""
"=""""","=""5344*""","=""4""","=""""","=""6.626619""","=""""","=""""","=""0.00288""","=""1.13""","="""""
"=""""","=""5345*""","=""1""","=""""","=""6.627465""","=""""","=""""","=""0.00085""","=""""","="""""
"=""""","=""5357*""","=""6""","=""""","=""6.642093""","=""""","=""""","=""0.01463""","=""1.10""","="""""
"=""""","=""5359""","=""2""","=""""","=""6.644876""","=""""","=""""","=""0.00278""","=""""","="""""
"=""""","=""5364*""","=""2""","=""""","=""6.651389""","=""""","=""""","=""0.00651""","=""""","="""""
"=""""","=""5375""","=""3""","=""""","=""6.665196""","=""""","=""""","=""0.01381""","=""""","="""""
"=""""","=""5388*""","=""3""","=""""","=""6.681118""","=""""","=""""","=""0.01592""","=""""","="""""
"=""""","=""5404*""","=""2""","=""""","=""6.701332""","=""""","=""""","=""0.02021""","=""0.96""","="""""
"=""""","=""5406*""","=""2""","=""""","=""6.703131""","=""""","=""""","=""0.00180""","=""""","="""""
"=""""","=""5430*""","=""1""","=""""","=""6.732646""","=""""","=""""","=""0.02951""","=""1.57""","="""""
"=""""","=""5432*""","=""6""","=""""","=""6.735827""","=""""","=""""","=""0.00318""","=""1.21""","="""""
"=""""","=""5448*""","=""1""","=""""","=""6.755189""","=""""","=""""","=""0.01936""","=""0.59""","="""""
"=""""","=""5467""","=""3""","=""""","=""6.779079""","=""""","=""""","=""0.02389""","=""1.82""","="""""
"=""""","=""5475*""","=""2""","=""""","=""6.788532""","=""""","=""""","=""0.00945""","=""""","="""""
"=""""","=""5480*""","=""1""","=""""","=""6.794391""","=""""","=""""","=""0.00586""","=""1.46""","="""""
"=""""","=""5484""","=""1 or 2""","=""""","=""6.800208""","=""""","=""""","=""0.00582""","=""""","="""""
"=""""","=""5486*""","=""2""","=""""","=""6.802727""","=""""","=""""","=""0.00252""","=""""","="""""
"=""""","=""5538""","=""3""","=""""","=""6.867345""","=""""","=""""","=""0.06462""","=""1.78""","="""""
"=""""","=""5540""","=""5""","=""""","=""6.869031""","=""""","=""""","=""0.00169""","=""1.40""","="""""
"=""""","=""5541""","=""4""","=""""","=""6.871080""","=""""","=""""","=""0.00205""","=""""","="""""
"=""""","=""5609""","=""2""","=""""","=""6.954579""","=""""","=""""","=""0.08350""","=""""","="""""
"=""""","=""5622""","=""5""","=""""","=""6.970690""","=""""","=""""","=""0.01611""","=""""","="""""
"=""""","=""5672""","=""4""","=""""","=""7.033519""","=""""","=""""","=""0.06283""","=""""","="""""
"=""""","=""5712*""","=""1""","=""""","=""7.082263""","=""""","=""""","=""0.04874""","=""1.29""","="""""
"=""""","=""5733""","=""3""","=""""","=""7.108539""","=""""","=""""","=""0.02628""","=""""","="""""
"=""""","=""5782""","=""3""","=""""","=""7.169622""","=""""","=""""","=""0.06108""","=""""","="""""
"=""""","=""5809""","=""4""","=""""","=""7.203258""","=""""","=""""","=""0.03364""","=""""","="""""
"=""""","=""5868""","=""3""","=""""","=""7.276409""","=""""","=""""","=""0.07315""","=""""","="""""
"=""""","=""5876""","=""4""","=""""","=""7.286398""","=""""","=""""","=""0.00999""","=""""","="""""
"=""""","=""5890""","=""3""","=""""","=""7.303314""","=""""","=""""","=""0.01692""","=""""","="""""
"=""""","=""5895""","=""3""","=""""","=""7.309766""","=""""","=""""","=""0.00645""","=""""","="""""
"=""""","=""5907""","=""3""","=""""","=""7.324363""","=""""","=""""","=""0.01460""","=""""","="""""
"=""""","=""5910""","=""2""","=""""","=""7.328204""","=""""","=""""","=""0.00384""","=""""","="""""
"=""""","=""5914""","=""2""","=""""","=""7.332693""","=""""","=""""","=""0.00449""","=""""","="""""
"=""""","=""5917""","=""2""","=""""","=""7.336198""","=""""","=""""","=""0.00351""","=""""","="""""
"=""""","=""5922""","=""2""","=""""","=""7.343564""","=""""","=""""","=""0.00737""","=""""","="""""
"=""""","=""5928""","=""3""","=""""","=""7.350137""","=""""","=""""","=""0.00657""","=""""","="""""
"=""""","=""5955""","=""3""","=""""","=""7.384008""","=""""","=""""","=""0.03387""","=""""","="""""
"=""""","=""5958""","=""3""","=""""","=""7.387347""","=""""","=""""","=""0.00334""","=""""","="""""
"=""""","=""5960""","=""2""","=""""","=""7.389730""","=""""","=""""","=""0.00238""","=""""","="""""
"=""""","=""5975""","=""3""","=""""","=""7.408061""","=""""","=""""","=""0.01833""","=""""","="""""
"=""""","=""6064""","=""4""","=""""","=""7.519578""","=""""","=""""","=""0.11152""","=""""","="""""
"=""Os II (5d6.6s 6D<9/2>)""","=""Limit""","=""---""","=""""","=""8.43823""","=""""","=""0.00020""","=""""","=""""","=""L8105"""
